asof,ticker,name,market,sector,mcap_bn,eps_now,eps_prior,revision_pct,price_now,price_prior,price_chg_pct,gap_pp,analysts
2026-08-06,FLEX,Flex Ltd.,US,Technology,45.0,7.1111,4.1137,72.86,121.88,133.01,-8.37,81.23,11
2026-08-06,PLS.AX,PLS Group,ASX,Basic Materials,13.9,0.3767,0.2602,44.75,4.3,6.26,-31.31,76.06,14
2026-08-06,ALB,Albemarle Corporation,US,Basic Materials,14.0,12.4686,9.7936,27.31,118.84,197.84,-39.93,67.24,18
2026-08-06,MIN.AX,Mineral Resources,ASX,Basic Materials,12.3,4.4275,3.1078,42.46,61.8,69.55,-11.14,53.6,13
2026-08-06,SNDK,Sandisk,US,Technology,200.0,255.6271,169.2403,51.04,1350.5,1339.96,0.79,50.25,11
2026-08-06,INTC,Intel,US,Technology,509.7,2.0541,1.5159,35.51,101.06,109.62,-7.81,43.32,40
2026-08-06,CIEN,Ciena,US,Technology,57.9,9.6382,8.4509,14.05,408.83,538.76,-24.12,38.17,19
2026-08-06,CIA.AX,Champion Iron,ASX,Basic Materials,2.0,0.4551,0.4204,8.24,3.52,4.99,-29.52,37.76,12
2026-08-06,MCHP,Microchip Technology,US,Technology,42.2,4.1895,3.7272,12.41,77.79,101.07,-23.04,35.45,22
2026-08-06,CLS.TO,Celestica Inc.,CA,Technology,58.5,19.8408,15.0188,32.11,508.54,524.62,-3.07,35.18,19
2026-08-06,SMR.AX,Stanmore Resources,ASX,Basic Materials,2.2,0.1761,0.13,35.49,2.4,2.34,2.56,32.93,3
2026-08-06,STX,Seagate Technology,US,Technology,189.9,55.3714,39.1704,41.36,837.66,765.89,9.37,31.99,19
2026-08-06,MPWR,Monolithic Power Systems,US,Technology,66.1,34.795,30.1629,15.36,1345.46,1573.56,-14.5,29.86,14
2026-08-06,ECHO,EchoStar,US,Communication Services,25.5,-0.114,-0.114,0.0,87.73,122.62,-28.45,28.45,2
2026-08-06,ON,ON Semiconductor,US,Technology,18.3,4.4557,4.2653,4.46,76.91,100.61,-23.56,28.02,29
2026-08-06,ORCL,Oracle Corporation,US,Technology,415.9,10.8902,10.7148,1.64,144.39,193.92,-25.54,27.18,40
2026-08-06,PWR,Quanta Services,US,Industrials,102.7,18.9993,16.2442,16.96,682.99,750.62,-9.01,25.97,25
2026-08-06,FIX,Comfort Systems USA,US,Industrials,61.1,60.0428,52.3865,14.61,1737.0,1941.26,-10.52,25.13,9
2026-08-06,ROL,"Rollins, Inc.",US,Consumer Cyclical,18.1,1.3121,1.3944,-5.9,37.57,54.21,-30.69,24.79,19
2026-08-06,GNRC,Generac,US,Industrials,12.8,11.7317,11.0388,6.28,217.41,266.75,-18.5,24.78,20
2026-08-06,NIC.AX,Nickel Industries,ASX,Basic Materials,3.6,0.1396,0.1385,0.76,0.83,1.09,-23.85,24.61,3
2026-08-06,EME,Emcor,US,Industrials,36.3,36.745,32.4289,13.31,822.16,923.58,-10.98,24.29,10
2026-08-06,VRT,Vertiv,US,Industrials,107.0,9.085,8.6066,5.56,277.94,339.94,-18.24,23.8,28
2026-08-06,CVNA,Carvana,US,Consumer Cyclical,103.4,2.2339,2.0222,10.47,69.48,80.0,-13.15,23.62,14
2026-08-06,NXPI,NXP Semiconductors,US,Technology,58.3,18.0951,17.5761,2.95,231.15,289.24,-20.08,23.03,26
2026-08-06,IGO.AX,IGO,ASX,Basic Materials,5.5,0.6401,0.5832,9.76,7.25,8.34,-13.07,22.83,12
2026-08-06,ENR.DE,Siemens Energy,EU,Industrials,126.5,6.054,5.7052,6.11,148.64,178.14,-16.56,22.67,20
2026-08-06,INTU,Intuit,US,Technology,89.7,27.3604,26.4827,3.31,327.94,404.99,-19.02,22.33,33
2026-08-06,SNPS,Synopsys,US,Technology,76.7,17.2805,17.0495,1.36,400.82,505.19,-20.66,22.02,24
2026-08-06,ADI,Analog Devices,US,Technology,184.0,15.0624,13.1463,14.57,377.69,407.4,-7.29,21.86,28
2026-08-06,IFX.DE,Infineon Technologies,EU,Technology,77.7,2.7334,2.302,18.74,59.79,61.66,-3.03,21.77,23
2026-08-06,RTO.L,Rentokil Initial,UK,Industrials,9.3,0.2312,0.2383,-2.96,369.9,484.7,-23.68,20.72,16
2026-08-06,KEYS,Keysight Technologies,US,Technology,57.4,11.9198,10.3341,15.34,336.02,355.06,-5.36,20.7,12
2026-08-06,CBOE,Cboe Global Markets,US,Financial Services,29.7,15.2328,14.5176,4.93,284.76,337.94,-15.74,20.67,12
2026-08-06,SMCI,Supermicro,US,Technology,19.6,3.3116,2.9874,10.85,30.32,33.62,-9.82,20.67,19
2026-08-06,GLW,Corning Inc.,US,Technology,135.0,4.308,4.0423,6.57,156.7,182.12,-13.96,20.53,16
2026-08-06,HAL,Halliburton,US,Energy,26.5,2.9081,2.8534,1.92,31.82,38.95,-18.31,20.23,25
2026-08-06,VLO,Valero Energy,US,Energy,87.1,27.8201,18.6534,49.14,302.39,234.33,29.05,20.09,18
2026-08-06,ISRG,Intuitive Surgical,US,Healthcare,134.4,12.0708,11.7892,2.39,375.2,453.49,-17.26,19.65,27
2026-08-06,AAI.AX,Alcoa,ASX,Basic Materials,18.0,8.61,8.7778,-1.91,68.39,87.16,-21.54,19.63,2
2026-08-06,BG,Bunge Global,US,Consumer Defensive,20.5,11.2616,10.6109,6.13,106.62,123.01,-13.32,19.45,7
2026-08-06,HLMA.L,Halma plc,UK,Industrials,14.3,1.418,1.3911,1.94,3776.71,4552.81,-17.05,18.99,17
2026-08-06,FOXA,Fox Corporation (Class A),US,Communication Services,24.6,5.8044,5.1584,12.52,58.68,62.69,-6.4,18.92,20
2026-08-06,QCOM,Qualcomm,US,Technology,165.4,10.297,10.6278,-3.11,157.53,201.8,-21.94,18.83,34
2026-08-06,WSP.TO,WSP Global Inc.,CA,Industrials,24.4,13.1555,13.1915,-0.27,181.12,223.7,-19.03,18.76,13
2026-08-06,APTV,Aptiv,US,Consumer Cyclical,9.8,6.7625,6.6943,1.02,47.01,57.11,-17.69,18.71,17
2026-08-06,APP,AppLovin,US,Communication Services,140.4,21.1658,20.6715,2.39,417.8,498.87,-16.25,18.64,25
2026-08-06,PXA.AX,Pexa Group,ASX,Technology,1.3,0.3175,0.4082,-22.21,7.63,12.84,-40.58,18.37,8
2026-08-06,JBL,Jabil,US,Technology,35.5,16.7466,14.5657,14.97,338.62,349.52,-3.12,18.09,10
2026-08-06,LITE,Lumentum,US,Technology,64.3,18.3547,16.6292,10.38,826.26,892.58,-7.43,17.81,25
2026-08-06,CCO.TO,Cameco Corporation,CA,Energy,57.6,2.6393,2.6594,-0.76,132.2,162.16,-18.48,17.72,21
2026-08-06,Q,Qnity Electronics,US,Technology,28.4,4.9077,4.388,11.84,135.64,143.52,-5.49,17.33,8
2026-08-06,TECK-B.TO,Teck Resources Limited,CA,Basic Materials,45.4,4.9918,3.9927,25.02,91.02,84.43,7.8,17.22,18
2026-08-06,SBAC,SBA Communications,US,Real Estate,18.9,8.1063,8.1717,-0.8,178.4,217.31,-17.9,17.1,9
2026-08-06,PODD,Insulet Corporation,US,Healthcare,9.2,8.0544,8.0712,-0.21,133.26,160.4,-16.92,16.71,23
2026-08-06,CCI,Crown Castle,US,Real Estate,32.3,2.9065,2.9526,-1.56,73.84,90.02,-17.97,16.41,9
2026-08-06,FRES.L,Fresnillo plc,UK,Basic Materials,20.0,2.9932,3.2493,-7.88,2719.0,3572.0,-23.88,16.0,12
2026-08-06,MU,Micron Technology,US,Technology,1008.8,155.5631,100.9431,54.11,893.19,646.53,38.15,15.96,37
2026-08-06,TXN,Texas Instruments,US,Technology,253.6,10.0341,8.8421,13.48,277.72,283.79,-2.14,15.62,28
2026-08-06,ILU.AX,Iluka Resources,ASX,Basic Materials,2.9,-0.2862,-0.2769,-3.37,6.78,8.36,-18.9,15.53,7
2026-08-06,NFLX,Netflix,US,Communication Services,309.0,3.8133,3.8292,-0.42,74.2,88.25,-15.92,15.5,44
2026-08-06,NRG,NRG Energy,US,Utilities,25.5,11.5023,11.4137,0.78,120.73,141.36,-14.59,15.37,11
2026-08-06,UBER,Uber,US,Technology,138.8,4.517,4.34,4.08,68.18,76.73,-11.14,15.22,37
2026-08-06,LTR.AX,Liontown Resources,ASX,Basic Materials,3.4,0.1145,0.1933,-40.73,1.08,2.45,-55.92,15.19,9
2026-08-06,BKR,Baker Hughes,US,Energy,61.2,3.1516,2.8144,11.98,61.67,63.53,-2.93,14.91,12
2026-08-06,CPRT,Copart,US,Industrials,26.8,1.6829,1.6799,0.18,28.91,33.88,-14.67,14.85,13
2026-08-06,ASML.AS,ASML Holding,EU,Technology,560.2,51.0879,40.7666,25.32,1458.6,1317.81,10.68,14.64,34
2026-08-06,TYL,Tyler Technologies,US,Technology,12.6,15.3515,14.3597,6.91,306.58,331.08,-7.4,14.31,23
2026-08-06,AAF.L,Airtel Africa,UK,Communication Services,12.0,0.3434,0.3287,4.47,331.2,366.97,-9.75,14.22,6
2026-08-06,PSKY,Paramount Skydance Corporation,US,Communication Services,9.8,0.8962,0.9356,-4.2,8.76,10.71,-18.2,14.0,16
2026-08-06,LII,Lennox International,US,Industrials,15.4,26.3286,26.626,-1.12,446.87,525.35,-14.94,13.82,17
2026-08-06,WMT,Walmart,US,Consumer Defensive,894.0,3.2814,3.2822,-0.03,112.34,129.95,-13.55,13.52,39
2026-08-06,LRCX,Lam Research,US,Technology,384.7,11.5252,9.5483,20.7,307.42,286.32,7.37,13.33,26
2026-08-06,IMO.TO,Imperial Oil Limited,CA,Energy,85.0,11.747,10.145,15.79,175.72,171.02,2.75,13.04,9
2026-08-06,CHRW,C.H. Robinson,US,Industrials,17.9,7.4916,7.2774,2.94,153.6,170.79,-10.06,13.0,25
2026-08-06,GOOG,Alphabet Inc. (Class C),US,Communication Services,4404.4,14.7344,14.1492,4.14,360.13,395.06,-8.84,12.98,51
2026-08-06,TMUS,T-Mobile US,US,Communication Services,186.1,13.8955,13.5431,2.6,173.46,193.15,-10.2,12.8,21
2026-08-06,CEG,Constellation Energy,US,Utilities,94.7,13.3267,13.5864,-1.91,265.12,310.8,-14.7,12.79,21
2026-08-06,KR,Kroger,US,Consumer Defensive,34.7,5.5409,5.6242,-1.48,56.68,66.06,-14.2,12.72,22
2026-08-06,PTC,PTC Inc.,US,Technology,15.1,8.8882,8.3279,6.73,139.43,147.65,-5.57,12.3,20
2026-08-06,IGG.L,IG Group,UK,Financial Services,4.4,1.3603,1.3593,0.07,1343.02,1528.0,-12.11,12.18,5
2026-08-06,TER,Teradyne,US,Technology,60.9,11.553,9.4562,22.17,389.39,353.98,10.0,12.17,18
2026-08-06,GOOGL,Alphabet Inc. (Class A),US,Communication Services,4432.5,14.7698,14.3363,3.02,362.43,397.75,-8.88,11.9,55
2026-08-06,STZ,Constellation Brands,US,Consumer Defensive,22.3,12.3919,12.4643,-0.58,130.64,149.08,-12.37,11.79,23
2026-08-06,MPC,Marathon Petroleum,US,Energy,83.6,27.769,20.5472,35.15,297.75,241.34,23.37,11.78,18
2026-08-06,ZTS,Zoetis,US,Healthcare,31.2,7.3902,7.5736,-2.42,74.39,86.71,-14.2,11.78,18
2026-08-06,ADM,Archer Daniels Midland,US,Consumer Defensive,37.4,5.4666,4.8645,12.38,77.58,77.02,0.72,11.66,11
2026-08-06,CAT,Caterpillar Inc.,US,Industrials,401.2,30.4514,27.9806,8.83,871.08,894.03,-2.57,11.4,27
2026-08-06,ALX.AX,Atlas Arteria,ASX,Industrials,7.3,0.3207,0.2769,15.8,5.0,4.78,4.6,11.2,3
2026-08-06,CNA.L,Centrica,UK,Utilities,6.9,0.1308,0.1498,-12.72,152.55,200.2,-23.8,11.08,13
2026-08-06,NVDA,Nvidia,US,Technology,5309.7,12.8904,11.2281,14.8,219.22,211.25,3.77,11.03,50
2026-08-06,CSGP,CoStar Group,US,Real Estate,12.2,1.7253,1.7745,-2.77,30.21,34.98,-13.64,10.87,20
2026-08-06,STJ.L,St. James's Place,UK,Financial Services,5.6,1.0504,1.0037,4.65,1114.0,1187.62,-6.2,10.85,13
2026-08-06,EDV.L,Endeavour Mining,UK,Basic Materials,9.3,7.2044,7.94,-9.26,3840.0,4797.0,-19.95,10.69,8
2026-08-06,CRH,CRH plc,US,Basic Materials,66.5,6.6996,6.7287,-0.43,100.0,112.22,-10.89,10.46,18
2026-08-06,CDA.AX,Codan,ASX,Technology,7.5,1.0909,0.9637,13.19,41.44,40.34,2.73,10.46,9
2026-08-06,TSN,Tyson Foods,US,Consumer Defensive,20.5,4.4395,4.5917,-3.32,58.19,67.37,-13.63,10.31,10
2026-08-06,LVS,Las Vegas Sands,US,Consumer Cyclical,29.7,3.5334,3.6791,-3.96,45.85,53.44,-14.2,10.24,16
2026-08-06,ANTO.L,Antofagasta plc,UK,Basic Materials,39.8,2.0634,1.818,13.5,4033.67,3904.5,3.31,10.19,17
2026-08-06,TTD,Trade Desk (The),US,Communication Services,8.9,2.1657,2.3895,-9.36,18.96,23.49,-19.28,9.92,20
2026-08-06,BT-A.L,BT Group,UK,Communication Services,19.5,0.1877,0.1991,-5.7,197.8,234.05,-15.49,9.79,14
2026-08-06,CMI,Cummins,US,Industrials,89.5,32.289,30.8312,4.73,650.25,680.74,-4.48,9.21,11
2026-08-06,NI,NiSource,US,Utilities,20.6,2.2535,2.2337,0.89,42.91,46.71,-8.13,9.02,16
2026-08-06,TSLA,"Tesla, Inc.",US,Consumer Cyclical,1270.0,2.2192,2.5503,-12.98,321.55,411.79,-21.91,8.93,33
2026-08-06,DVA,DaVita,US,Healthcare,12.0,17.2217,16.3986,5.02,188.69,196.26,-3.86,8.88,8
2026-08-06,DOW,Dow Inc.,US,Basic Materials,21.4,1.8442,2.069,-10.87,29.67,36.94,-19.69,8.82,17
2026-08-06,FMG.AX,Fortescue,ASX,Basic Materials,56.8,0.8785,0.9202,-4.53,18.45,21.27,-13.26,8.73,15
2026-08-06,CVE.TO,Cenovus Energy Inc.,CA,Energy,71.6,3.628,3.3231,9.18,38.82,38.62,0.51,8.67,7
2026-08-06,HAS,Hasbro,US,Consumer Cyclical,12.9,6.521,6.3383,2.88,91.16,96.6,-5.63,8.51,15
2026-08-06,PRU.L,Prudential plc,UK,Financial Services,25.7,0.9837,0.9924,-0.88,1033.29,1139.0,-9.28,8.4,7
2026-08-06,PEP,PepsiCo,US,Consumer Defensive,189.6,8.9784,9.153,-1.91,138.78,154.66,-10.27,8.36,23
2026-08-06,AZN.L,AstraZeneca,UK,Healthcare,187.3,11.4382,11.6278,-1.63,12074.0,13360.0,-9.63,8.0,22
2026-08-06,NEE,NextEra Energy,US,Utilities,179.2,4.4195,4.3892,0.69,85.91,92.64,-7.27,7.96,23
2026-08-06,LYC.AX,Lynas Rare Earths,ASX,Basic Materials,15.8,0.5979,0.674,-11.29,15.7,19.44,-19.24,7.95,13
2026-08-06,XRO.AX,Xero,ASX,Technology,13.2,2.3775,2.4205,-1.78,75.45,83.56,-9.71,7.93,12
2026-08-06,T,AT&T,US,Communication Services,158.0,2.5637,2.5551,0.34,23.06,24.93,-7.49,7.83,24
2026-08-06,FIS,Fidelity National Information Services,US,Technology,22.1,6.8492,6.8855,-0.53,42.84,46.72,-8.3,7.77,27
2026-08-06,CME,CME Group,US,Financial Services,95.2,12.9303,12.8685,0.48,264.78,285.37,-7.22,7.7,15
2026-08-06,COST,Costco,US,Consumer Defensive,417.8,22.6925,22.5064,0.83,941.99,1010.45,-6.78,7.61,34
2026-08-06,VST,Vistra Corp.,US,Utilities,47.4,11.0646,11.1799,-1.03,140.58,153.73,-8.56,7.53,8
2026-08-06,SU.TO,Suncor Energy Inc.,CA,Energy,104.0,7.7878,7.1167,9.43,88.12,86.48,1.9,7.53,11
2026-08-06,NG.L,National Grid plc,UK,Utilities,59.9,0.9698,0.9615,0.86,1192.5,1277.28,-6.64,7.5,15
2026-08-06,AMT,American Tower,US,Real Estate,78.3,7.001,6.8728,1.87,168.07,178.07,-5.62,7.49,10
2026-08-06,OXY,Occidental Petroleum,US,Energy,53.5,3.9089,3.6296,7.69,53.81,53.69,0.22,7.47,22
2026-08-06,WDC,Western Digital,US,Technology,178.9,29.3389,24.581,19.36,519.17,463.79,11.94,7.42,11
2026-08-06,DIS,Walt Disney Company (The),US,Communication Services,176.7,7.4576,7.3313,1.72,101.76,107.83,-5.63,7.35,28
2026-08-06,CDNS,Cadence Design Systems,US,Technology,92.8,9.5371,9.3807,1.67,337.07,356.9,-5.56,7.23,24
2026-08-06,SVT.L,Severn Trent,UK,Utilities,9.3,2.5171,2.3838,5.59,3082.0,3132.24,-1.6,7.19,13
2026-08-06,GLEN.L,Glencore,UK,Basic Materials,66.7,0.5961,0.5516,8.07,568.5,563.2,0.94,7.13,18
2026-08-06,TOU.TO,Tourmaline Oil Corp.,CA,Energy,23.0,5.035,5.0895,-1.07,59.14,64.35,-8.09,7.02,4
2026-08-06,SSE.L,SSE plc,UK,Utilities,28.4,2.0978,2.0791,0.9,2352.0,2504.53,-6.09,6.99,15
2026-08-06,BSX,Boston Scientific,US,Healthcare,69.2,3.4385,3.764,-8.65,47.74,56.57,-15.61,6.96,27
2026-08-06,SRE,Sempra,US,Utilities,55.3,5.5369,5.533,0.07,84.66,90.92,-6.89,6.96,17
2026-08-06,AD.AS,Ahold Delhaize,EU,Consumer Defensive,30.3,2.9599,2.9854,-0.86,34.33,37.19,-7.69,6.83,17
2026-08-06,ASB.AX,Austal,ASX,Industrials,1.6,0.2204,0.2223,-0.86,3.84,4.15,-7.47,6.61,5
2026-08-06,ATO,Atmos Energy,US,Utilities,28.7,9.0196,8.8656,1.74,172.2,180.84,-4.78,6.52,14
2026-08-06,ETR,Entergy,US,Utilities,49.9,5.0956,5.005,1.81,106.86,112.02,-4.61,6.42,22
2026-08-06,COHR,Coherent Corp.,US,Technology,64.2,8.2903,7.5915,9.2,328.22,319.19,2.83,6.37,23
2026-08-06,APA,APA Corporation,US,Energy,12.3,4.1244,4.018,2.65,34.66,35.99,-3.69,6.34,22
2026-08-06,AVGO,Broadcom,US,Technology,1990.0,19.492,18.0803,7.81,418.28,411.91,1.55,6.26,46
2026-08-06,TRMB,Trimble Inc.,US,Technology,13.7,4.0798,4.0432,0.9,58.58,61.85,-5.29,6.19,13
2026-08-06,VICI,Vici Properties,US,Real Estate,29.1,2.93,2.95,-0.68,26.4,28.31,-6.76,6.08,1
2026-08-06,AMD,Advanced Micro Devices,US,Technology,786.0,13.9175,11.219,24.05,482.05,408.46,18.02,6.03,45
2026-08-06,AAL.L,Anglo American plc,UK,Basic Materials,42.7,2.3807,2.1749,9.46,3985.0,3849.0,3.53,5.93,11
2026-08-06,ROK,Rockwell Automation,US,Industrials,50.1,14.6284,13.7413,6.46,450.05,447.17,0.64,5.82,27
2026-08-06,CARR,Carrier Global,US,Industrials,53.9,3.3037,3.1961,3.37,65.43,66.98,-2.31,5.68,24
2026-08-06,ADSK,Autodesk,US,Technology,50.7,14.2583,14.1038,1.1,240.03,251.04,-4.39,5.49,34
2026-08-06,IBKR,Interactive Brokers,US,Financial Services,151.0,3.1854,2.8556,11.55,88.74,83.63,6.12,5.43,12
2026-08-06,CASY,Casey's,US,Consumer Cyclical,31.6,23.5451,22.285,5.65,852.86,850.31,0.3,5.35,17
2026-08-06,GEV,GE Vernova,US,Industrials,271.1,24.8507,24.2161,2.62,1017.96,1045.1,-2.6,5.22,28
2026-08-06,CNQ.TO,Canadian Natural Resources Limited,CA,Energy,131.1,5.1446,4.7029,9.39,62.85,60.32,4.2,5.19,12
2026-08-06,LSEG.L,London Stock Exchange Group,UK,Financial Services,42.5,5.4558,5.356,1.86,8744.22,9042.0,-3.29,5.15,12
2026-08-06,DOV,Dover Corporation,US,Industrials,28.3,11.6327,11.5679,0.56,210.4,220.36,-4.52,5.08,18
2026-08-06,TLS.AX,Telstra,ASX,Communication Services,55.5,0.2173,0.2199,-1.18,4.98,5.31,-6.21,5.03,11
2026-08-06,AMZN,Amazon,US,Consumer Cyclical,2940.9,10.4072,9.8619,5.53,272.65,271.17,0.55,4.98,54
2026-08-06,BCE.TO,BCE Inc.,CA,Communication Services,28.8,2.674,2.7226,-1.78,30.86,33.07,-6.69,4.91,17
2026-08-06,PDN.AX,Paladin Energy,ASX,Energy,4.4,0.169,0.2023,-16.45,9.83,12.49,-21.3,4.85,10
2026-08-06,WTC.AX,Wisetech Global,ASX,Technology,13.2,1.0185,1.0414,-2.2,39.3,42.27,-7.03,4.83,14
2026-08-06,DRR.AX,Deterra Royalties,ASX,Basic Materials,2.3,0.2761,0.2677,3.15,4.31,4.38,-1.6,4.75,9
2026-08-06,WHC.AX,Whitehaven Coal,ASX,Energy,6.0,0.6138,0.6322,-2.91,7.29,7.89,-7.6,4.69,11
2026-08-06,CVX,Chevron Corporation,US,Energy,371.3,12.9349,12.0056,7.74,186.41,180.84,3.08,4.66,24
2026-08-06,QSR.TO,Restaurant Brands International Inc.,CA,Consumer Cyclical,47.6,6.1558,6.0332,2.03,104.25,107.02,-2.59,4.62,25
2026-08-06,LYB,LyondellBasell,US,Basic Materials,19.1,6.4553,7.363,-12.33,59.03,70.77,-16.59,4.26,16
2026-08-06,RIO.AX,Rio Tinto,ASX,Basic Materials,286.5,8.7858,8.5378,2.91,176.3,178.72,-1.35,4.26,13
2026-08-06,PPL,PPL Corporation,US,Utilities,26.3,2.1169,2.1159,0.05,34.95,36.48,-4.19,4.24,16
2026-08-06,CI,Cigna,US,Healthcare,71.5,33.4924,33.5361,-0.13,270.5,282.4,-4.22,4.09,24
2026-08-06,CSC.AX,Capstone Copper,ASX,Basic Materials,11.6,1.3931,1.0978,26.89,15.19,12.37,22.8,4.09,8
2026-08-06,KMI,Kinder Morgan,US,Energy,69.3,1.5388,1.4844,3.66,31.12,31.23,-0.35,4.01,16
2026-08-06,FISV,Fiserv,US,Unclassified,28.9,8.9345,9.0237,-0.99,54.11,56.81,-4.75,3.76,37
2026-08-06,CHTR,Charter Communications,US,Communication Services,20.6,45.2688,45.5916,-0.71,153.17,160.24,-4.41,3.7,17
2026-08-06,ICE,Intercontinental Exchange,US,Financial Services,84.1,8.7819,8.7791,0.03,149.84,155.53,-3.66,3.69,13
2026-08-06,KLAC,KLA Corporation,US,Technology,251.8,6.5493,5.793,13.06,192.8,176.1,9.48,3.58,23
2026-08-06,CNP,CenterPoint Energy,US,Utilities,26.8,2.089,2.0825,0.31,40.65,42.01,-3.24,3.55,18
2026-08-06,MLM,Martin Marietta Materials,US,Basic Materials,33.2,22.0943,23.0588,-4.18,553.37,599.63,-7.72,3.54,21
2026-08-06,IRM,Iron Mountain,US,Real Estate,37.8,2.6754,2.5612,4.46,127.13,125.95,0.94,3.52,6
2026-08-06,XEL,Xcel Energy,US,Utilities,48.2,4.538,4.53,0.18,77.2,79.83,-3.29,3.47,19
2026-08-06,SLB,Schlumberger,US,Energy,74.1,3.259,3.3258,-2.01,49.91,52.72,-5.34,3.33,26
2026-08-06,LHX,L3Harris,US,Industrials,53.3,13.4242,13.6249,-1.47,286.12,299.96,-4.62,3.15,8
2026-08-06,WEC,WEC Energy Group,US,Utilities,35.3,6.0115,6.0137,-0.04,108.26,111.82,-3.19,3.15,9
2026-08-06,ADBE,Adobe Inc.,US,Technology,103.1,27.4869,26.3815,4.19,259.32,256.51,1.1,3.09,34
2026-08-06,AEP,American Electric Power,US,Utilities,68.8,6.8547,6.8762,-0.31,126.47,130.81,-3.32,3.01,20
2026-08-06,HSY,Hershey Company (The),US,Consumer Defensive,36.1,9.8713,9.8992,-0.28,179.58,185.63,-3.26,2.98,22
2026-08-06,OTIS,Otis Worldwide,US,Industrials,27.8,4.6127,4.7165,-2.2,73.1,77.0,-5.07,2.87,14
2026-08-06,CNU.AX,Chorus,ASX,Communication Services,3.4,0.1773,0.1813,-2.21,7.92,8.34,-5.04,2.83,3
2026-08-06,LOW,Lowe's,US,Consumer Cyclical,123.3,13.459,13.6412,-1.34,219.94,229.46,-4.15,2.81,33
2026-08-06,COP,ConocoPhillips,US,Energy,140.2,9.0627,8.7423,3.67,115.04,114.03,0.88,2.79,20
2026-08-06,ACN,Accenture,US,Technology,104.5,14.6834,14.8843,-1.35,170.73,178.05,-4.11,2.76,28
2026-08-06,CTVA,Corteva,US,Basic Materials,52.5,3.405,3.326,2.38,78.67,78.89,-0.28,2.66,4
2026-08-06,RIO.L,Rio Tinto,UK,Basic Materials,121.3,8.3369,8.3764,-0.47,7458.0,7695.0,-3.08,2.61,21
2026-08-06,MSCI,MSCI Inc.,US,Financial Services,41.6,22.4968,22.4627,0.15,571.87,586.25,-2.45,2.6,18
2026-08-06,H.TO,Hydro One Limited,CA,Utilities,34.3,2.3866,2.376,0.45,57.08,58.32,-2.13,2.58,12
2026-08-06,META,Meta Platforms,US,Communication Services,1499.9,34.0263,34.7063,-1.96,588.77,616.24,-4.46,2.5,53
2026-08-06,TXT,Textron,US,Industrials,15.2,7.2317,7.2974,-0.9,88.46,91.57,-3.4,2.5,17
2026-08-06,RSG.AX,Resolute Mining,ASX,Basic Materials,2.2,0.1789,0.2194,-18.44,1.02,1.29,-20.93,2.49,4
2026-08-06,LDOS,Leidos,US,Technology,15.9,13.1036,13.175,-0.54,126.85,130.8,-3.02,2.48,16
2026-08-06,BXB.AX,Brambles,ASX,Industrials,27.1,0.748,0.8052,-7.1,20.3,22.45,-9.58,2.48,12
2026-08-06,FANG,Diamondback Energy,US,Energy,52.1,17.4427,17.3313,0.64,186.17,189.41,-1.71,2.35,24
2026-08-06,GAW.L,Games Workshop,UK,Consumer Cyclical,6.3,6.5708,6.5789,-0.12,19080.0,19539.18,-2.35,2.23,4
2026-08-06,ORLY,O’Reilly Automotive,US,Consumer Cyclical,76.3,3.6494,3.6158,0.93,93.44,94.58,-1.21,2.14,22
2026-08-06,RMS.PA,Hermès,EU,Consumer Cyclical,167.4,51.1675,52.0597,-1.71,1598.0,1661.0,-3.79,2.08,21
2026-08-06,CMS,CMS Energy,US,Utilities,22.4,4.1569,4.1737,-0.4,71.59,73.39,-2.45,2.05,16
2026-08-06,BMW.DE,BMW,EU,Consumer Cyclical,35.5,9.4426,11.962,-21.06,59.5,77.36,-23.09,2.03,17
2026-08-06,REA.AX,REA Group,ASX,Communication Services,22.5,5.5063,5.5487,-0.76,172.03,176.89,-2.75,1.99,14
2026-08-06,DPLM.L,Diploma,UK,Industrials,10.3,2.6152,2.3264,12.41,7675.0,6949.81,10.43,1.98,16
2026-08-06,IMD.AX,IMDEX,ASX,Industrials,2.0,0.1438,0.146,-1.51,3.9,4.04,-3.47,1.96,8
2026-08-06,BP.L,BP,UK,Energy,79.6,0.6824,0.6959,-1.94,515.1,535.54,-3.82,1.88,21
2026-08-06,PEG,Public Service Enterprise Group,US,Utilities,37.7,4.6813,4.6933,-0.26,75.54,77.16,-2.1,1.84,22
2026-08-06,YUM,Yum! Brands,US,Consumer Cyclical,41.6,7.4318,7.4968,-0.87,152.37,156.48,-2.63,1.76,19
2026-08-06,NWS,News Corp (Class B),US,Communication Services,17.9,1.4735,1.3512,9.05,33.13,30.85,7.39,1.66,4
2026-08-06,NWSA,News Corp (Class A),US,Communication Services,15.7,1.4735,1.3512,9.05,29.06,27.04,7.47,1.58,4
2026-08-06,SBUX,Starbucks,US,Consumer Cyclical,120.8,3.1101,2.9971,3.77,106.0,103.65,2.26,1.51,32
2026-08-06,LNT,Alliant Energy,US,Utilities,18.2,3.6856,3.6792,0.17,70.2,71.15,-1.33,1.5,14
2026-08-06,WOR.AX,Worley,ASX,Energy,5.6,0.8905,0.9695,-8.15,10.99,12.15,-9.55,1.4,10
2026-08-06,TDG,TransDigm Group,US,Industrials,69.4,47.0374,45.9335,2.4,1254.71,1241.98,1.02,1.38,19
2026-08-06,HCA,HCA Healthcare,US,Healthcare,88.7,32.1587,33.1453,-2.98,409.64,428.16,-4.33,1.35,22
2026-08-06,FICO,Fair Isaac,US,Technology,23.6,53.1303,54.2068,-1.99,1091.55,1128.39,-3.26,1.27,21
2026-08-06,PNR,Pentair,US,Industrials,11.0,5.18,5.8164,-10.94,69.02,78.62,-12.21,1.27,16
2026-08-06,DD,DuPont,US,Basic Materials,19.9,7.8759,7.6322,3.19,147.37,144.51,1.98,1.21,17
2026-08-06,SPK.AX,Spark New Zealand,ASX,Communication Services,3.1,0.1138,0.1185,-3.99,1.64,1.73,-5.2,1.21,7
2026-08-06,SPX.L,Spirax Group,UK,Industrials,5.4,3.5798,3.5795,0.01,7360.0,7446.0,-1.15,1.16,17
2026-08-06,GILD,Gilead Sciences,US,Healthcare,163.6,9.6185,9.6168,0.02,131.76,133.18,-1.07,1.09,26
2026-08-06,MCD,McDonald's,US,Consumer Cyclical,194.7,14.1144,14.355,-1.68,274.0,281.79,-2.76,1.08,33
2026-08-06,GIL.TO,Gildan Activewear Inc.,CA,Consumer Cyclical,15.1,5.5037,5.3941,2.03,81.44,80.67,0.95,1.08,13
2026-08-06,EQT,EQT Corporation,US,Energy,32.0,4.373,4.7306,-7.56,51.23,56.04,-8.59,1.03,11
2026-08-06,PLD,Prologis,US,Real Estate,134.4,3.4025,3.38,0.67,140.76,141.26,-0.36,1.03,4
2026-08-06,EQR,Equity Residential,US,Real Estate,26.2,1.5667,1.4939,4.87,67.74,65.18,3.92,0.95,6
2026-08-06,NEM,Newmont,US,Basic Materials,109.9,10.5506,11.3375,-6.94,104.29,113.23,-7.89,0.95,15
2026-08-06,LIN,Linde plc,US,Basic Materials,226.4,18.4028,18.2879,0.63,491.05,492.29,-0.25,0.88,11
2026-08-06,EOG,EOG Resources,US,Energy,70.4,14.6985,14.1148,4.14,134.23,129.93,3.31,0.83,26
2026-08-06,HWM,Howmet Aerospace,US,Industrials,116.6,6.0531,5.6163,7.78,291.42,272.42,6.97,0.81,20
2026-08-06,APD,Air Products,US,Basic Materials,65.7,14.4429,14.2353,1.46,295.09,293.17,0.66,0.8,21
2026-08-06,HUBB,Hubbell Incorporated,US,Industrials,27.1,22.8712,21.7232,5.28,513.58,491.56,4.48,0.8,10
2026-08-06,GGP.AX,Greatland Resources,ASX,Basic Materials,7.8,0.8947,1.1444,-21.82,11.53,14.9,-22.62,0.8,10
2026-08-06,TAP,Molson Coors Beverage Company,US,Consumer Defensive,7.9,4.9652,5.014,-0.97,41.87,42.62,-1.76,0.79,20
2026-08-06,TTE.PA,TotalEnergies,EU,Energy,164.5,9.5947,9.6152,-0.21,74.14,74.87,-0.97,0.76,21
2026-08-06,APA.AX,APA Group,ASX,Utilities,13.2,0.2316,0.2306,0.43,10.0,10.03,-0.28,0.71,7
2026-08-06,XOM,ExxonMobil,US,Energy,628.5,10.6398,10.1612,4.71,151.63,145.59,4.15,0.56,23
2026-08-06,FTV,Fortive,US,Technology,18.5,3.2445,3.2035,1.28,61.34,60.84,0.82,0.46,15
2026-08-06,DUK,Duke Energy,US,Utilities,96.2,7.1684,7.164,0.06,123.34,123.8,-0.37,0.43,22
2026-08-06,VMC,Vulcan Materials Company,US,Basic Materials,37.2,10.7927,10.8223,-0.27,286.77,288.36,-0.55,0.28,20
2026-08-06,PSX,Phillips 66,US,Energy,81.2,18.9782,15.6249,21.46,202.55,167.1,21.22,0.24,20
2026-08-06,ENB.TO,Enbridge Inc.,CA,Energy,158.8,3.224,3.2204,0.11,72.71,72.79,-0.11,0.22,18
2026-08-06,RCI-B.TO,Rogers Communications Inc.,CA,Communication Services,25.6,4.8563,5.0463,-3.77,47.46,49.43,-3.98,0.21,17
2026-08-06,SIE.DE,Siemens,EU,Industrials,205.4,12.8509,12.6214,1.82,269.35,264.95,1.66,0.16,19
2026-08-06,MSI,Motorola Solutions,US,Technology,72.7,18.5373,18.2557,1.54,438.14,431.91,1.44,0.1,14
2026-08-06,CRM,Salesforce,US,Technology,158.1,15.5123,14.9332,3.88,192.98,185.86,3.83,0.05,53
2026-08-06,VZ,Verizon,US,Communication Services,193.1,5.2805,5.2738,0.13,46.47,46.3,0.37,-0.24,25
2026-08-06,HII,Huntington Ingalls Industries,US,Industrials,12.5,20.5074,20.2889,1.08,317.7,313.37,1.38,-0.3,11
2026-08-06,MO,Altria,US,Consumer Defensive,114.3,5.8725,5.8579,0.25,68.44,68.02,0.61,-0.36,13
2026-08-06,GWW,W. W. Grainger,US,Industrials,60.5,50.4815,48.5582,3.96,1285.07,1231.61,4.34,-0.38,19
2026-08-06,ENT.L,Entain,UK,Consumer Cyclical,3.4,0.6864,0.7017,-2.19,538.2,548.0,-1.79,-0.4,18
2026-08-06,TRP.TO,TC Energy Corporation,CA,Energy,93.2,3.9213,3.8705,1.31,89.47,87.97,1.71,-0.4,20
2026-08-06,CMCSA,Comcast,US,Communication Services,87.8,3.6222,3.807,-4.85,24.75,25.89,-4.39,-0.46,20
2026-08-06,EQIX,Equinix,US,Real Estate,104.2,18.63,18.8257,-1.04,1056.2,1061.51,-0.5,-0.54,7
2026-08-06,TT,Trane Technologies,US,Industrials,106.4,17.4399,17.0083,2.54,483.58,468.75,3.16,-0.62,24
2026-08-06,PFE,Pfizer,US,Healthcare,147.1,2.8266,2.8239,0.1,25.81,25.6,0.81,-0.71,23
2026-08-06,NOC,Northrop Grumman,US,Industrials,79.2,30.3681,30.1831,0.61,557.47,549.85,1.39,-0.78,22
2026-08-06,NEM.AX,Newmont,ASX,Basic Materials,156.8,14.5174,15.7483,-7.82,148.83,160.09,-7.03,-0.79,7
2026-08-06,EL,Estée Lauder Companies (The),US,Consumer Defensive,31.5,3.1922,3.1446,1.51,86.96,84.96,2.35,-0.84,29
2026-08-06,CBRE,CBRE Group,US,Real Estate,43.8,9.0568,8.865,2.16,151.16,146.7,3.04,-0.88,12
2026-08-06,EVRG,Evergy,US,Utilities,19.1,4.5565,4.5401,0.36,83.06,82.04,1.24,-0.88,13
2026-08-06,JBHT,J.B. Hunt,US,Industrials,25.6,10.1154,9.0394,11.9,272.66,241.74,12.79,-0.89,23
2026-08-06,AEE,Ameren,US,Utilities,30.2,5.8355,5.84,-0.08,108.95,108.01,0.87,-0.95,7
2026-08-06,K.TO,Kinross Gold Corporation,CA,Basic Materials,42.7,3.024,3.527,-14.26,36.03,41.56,-13.31,-0.95,16
2026-08-06,BAS.DE,BASF,EU,Basic Materials,43.9,2.9263,2.9941,-2.26,50.99,51.65,-1.28,-0.98,17
2026-08-06,EIX,Edison International,US,Utilities,26.3,6.5016,6.5134,-0.18,68.32,67.77,0.82,-1.0,14
2026-08-06,EXE,Expand Energy,US,Energy,21.0,9.1348,9.8487,-7.25,90.82,96.83,-6.21,-1.04,23
2026-08-06,BLK,BlackRock,US,Financial Services,184.3,64.1122,60.6581,5.69,1133.58,1061.76,6.76,-1.07,17
2026-08-06,MND.AX,Monadelphous Group,ASX,Industrials,3.1,1.2537,1.2413,1.0,30.38,29.75,2.12,-1.12,14
2026-08-06,SDR.L,Schroders,UK,Financial Services,9.1,0.4101,0.4123,-0.52,584.0,580.5,0.6,-1.12,8
2026-08-06,TCL.AX,Transurban,ASX,Industrials,45.5,0.2375,0.2319,2.39,14.59,14.09,3.53,-1.14,6
2026-08-06,TRGP,Targa Resources,US,Energy,55.8,11.9369,11.6628,2.35,260.11,251.26,3.52,-1.17,5
2026-08-06,T.TO,Telus Corporation,CA,Communication Services,21.7,0.788,0.9958,-20.87,13.75,17.12,-19.69,-1.18,16
2026-08-06,HLT,Hilton Worldwide,US,Consumer Cyclical,73.0,10.446,10.4276,0.18,324.56,320.15,1.38,-1.2,24
2026-08-06,SN.L,Smith & Nephew,UK,Healthcare,9.2,1.2389,1.2467,-0.62,1099.5,1093.0,0.59,-1.21,15
2026-08-06,NXT.AX,NextDC,ASX,Technology,10.9,-0.4039,-0.3867,-4.44,14.32,14.79,-3.18,-1.26,12
2026-08-06,IMB.L,Imperial Brands,UK,Consumer Defensive,21.2,3.6678,3.6882,-0.55,2766.0,2745.1,0.76,-1.31,12
2026-08-06,VRSN,Verisign,US,Technology,26.5,10.7571,10.3108,4.33,293.41,277.73,5.65,-1.32,4
2026-08-06,CCC.L,Computacenter,UK,Technology,5.0,2.4085,2.0566,17.11,4772.0,4027.54,18.48,-1.37,9
2026-08-06,NWH.AX,NRW Holdings,ASX,Industrials,3.3,0.4214,0.417,1.04,7.2,7.03,2.42,-1.38,10
2026-08-06,NDAQ,"Nasdaq, Inc.",US,Financial Services,52.9,4.6546,4.4248,5.19,94.56,88.68,6.63,-1.44,16
2026-08-06,BSL.AX,BlueScope,ASX,Basic Materials,15.4,2.3713,2.0607,15.07,35.11,30.13,16.53,-1.46,13
2026-08-06,ULTA,Ulta Beauty,US,Consumer Cyclical,23.2,31.8685,31.5564,0.99,539.47,526.53,2.46,-1.47,20
2026-08-06,APO,Apollo Global Management,US,Financial Services,74.7,10.6693,10.6197,0.47,129.74,127.25,1.95,-1.48,21
2026-08-06,SO,Southern Company,US,Utilities,107.1,4.921,4.9178,0.06,93.1,91.67,1.56,-1.5,22
2026-08-06,IDXX,Idexx Laboratories,US,Healthcare,46.1,16.5168,16.4064,0.67,584.78,572.2,2.2,-1.53,14
2026-08-06,WMB,Williams Companies,US,Energy,87.8,2.5332,2.5947,-2.37,71.81,72.42,-0.84,-1.53,9
2026-08-06,SAN.PA,Sanofi,EU,Healthcare,91.0,9.1018,9.0095,1.02,74.98,73.1,2.57,-1.55,20
2026-08-06,GS,Goldman Sachs,US,Financial Services,312.8,74.1699,65.3973,13.41,1060.38,921.81,15.03,-1.62,22
2026-08-06,NUE,Nucor,US,Basic Materials,62.6,18.826,15.7056,19.87,274.74,226.14,21.49,-1.62,13
2026-08-06,MCY.AX,Mercury NZ,ASX,Utilities,8.0,0.21,0.21,0.0,5.62,5.52,1.81,-1.81,1
2026-08-06,MAR,Marriott International,US,Consumer Cyclical,94.2,13.119,12.9897,1.0,361.31,351.36,2.83,-1.83,26
2026-08-06,VOD.L,Vodafone Group,UK,Communication Services,26.7,0.1244,0.1304,-4.55,115.4,118.63,-2.72,-1.83,12
2026-08-06,TEL,TE Connectivity,US,Technology,63.1,12.9061,12.6229,2.24,218.02,209.25,4.19,-1.95,16
2026-08-06,ADYEN.AS,Adyen,EU,Technology,30.0,46.556,47.0782,-1.11,951.0,942.8,0.87,-1.98,15
2026-08-06,MBG.DE,Mercedes-Benz Group,EU,Consumer Cyclical,45.3,7.0463,7.6215,-7.55,47.37,50.13,-5.51,-2.04,13
2026-08-06,EMA.TO,Emera Incorporated,CA,Utilities,22.1,3.6352,3.6273,0.22,72.31,70.55,2.49,-2.27,13
2026-08-06,ABX.TO,Barrick Mining Corporation,CA,Basic Materials,96.6,4.4379,4.4911,-1.18,57.63,56.96,1.18,-2.36,20
2026-08-06,ODFL,Old Dominion,US,Industrials,44.8,6.5808,6.1773,6.53,215.45,197.81,8.92,-2.39,19
2026-08-06,ALGN,Align Technology,US,Healthcare,12.5,12.5321,12.3589,1.4,174.83,168.39,3.82,-2.42,16
2026-08-06,PG,Procter & Gamble,US,Consumer Defensive,341.2,7.4101,7.4973,-1.16,146.8,144.98,1.26,-2.42,22
2026-08-06,AEM.TO,Agnico Eagle Mines Limited,CA,Basic Materials,117.6,12.4787,14.1695,-11.93,232.25,256.56,-9.48,-2.45,16
2026-08-06,STLD,Steel Dynamics,US,Basic Materials,38.1,18.8648,16.8613,11.88,265.96,232.39,14.44,-2.56,12
2026-08-06,ED,Consolidated Edison,US,Utilities,39.9,6.4935,6.4921,0.02,108.32,105.51,2.67,-2.65,15
2026-08-06,FERG,Ferguson Enterprises,US,Industrials,49.5,12.5637,12.4091,1.25,255.25,245.58,3.94,-2.69,22
2026-08-06,EFX,Equifax,US,Industrials,20.8,10.1561,10.2993,-1.39,177.37,175.02,1.34,-2.73,22
2026-08-06,GDDY,GoDaddy,US,Technology,11.6,8.9369,8.9815,-0.5,91.77,89.75,2.25,-2.75,14
2026-08-06,RSG,Republic Services,US,Industrials,63.7,8.067,8.048,0.24,207.02,200.96,3.01,-2.77,26
2026-08-06,BATS.L,British American Tobacco,UK,Consumer Defensive,95.5,3.8827,3.8402,1.11,4427.0,4259.44,3.93,-2.82,14
2026-08-06,PNW,Pinnacle West Capital,US,Utilities,12.3,5.6475,5.6431,0.08,101.5,98.63,2.91,-2.83,10
2026-08-06,WM,Waste Management,US,Industrials,89.7,9.1437,9.2455,-1.1,224.31,220.49,1.73,-2.83,28
2026-08-06,BIP-UN.TO,Brookfield Infrastructure Partners L.P.,CA,Utilities,44.0,1.4852,1.3613,9.1,56.14,50.15,11.95,-2.85,3
2026-08-06,CF,CF Industries,US,Basic Materials,17.9,10.3358,10.7829,-4.15,116.71,118.2,-1.26,-2.89,7
2026-08-06,OKE,Oneok,US,Energy,55.0,6.1956,6.2019,-0.1,87.24,84.86,2.81,-2.91,15
2026-08-06,TSCO.L,Tesco,UK,Consumer Defensive,30.1,0.3356,0.3358,-0.09,480.1,466.85,2.84,-2.93,15
2026-08-06,REG,Regency Centers,US,Real Estate,14.8,2.5571,2.5687,-0.45,79.07,77.13,2.51,-2.96,10
2026-08-06,BOQ.AX,Bank of Queensland,ASX,Financial Services,4.4,0.5511,0.5374,2.55,6.69,6.34,5.52,-2.97,10
2026-08-06,CMG,Chipotle Mexican Grill,US,Consumer Cyclical,43.7,1.3669,1.358,0.66,34.5,33.27,3.7,-3.04,34
2026-08-06,CIP.AX,Centuria Industrial REIT,ASX,Real Estate,1.9,0.1872,0.1885,-0.66,3.02,2.95,2.38,-3.04,7
2026-08-06,SAP.TO,Saputo Inc.,CA,Consumer Defensive,15.7,2.3522,2.55,-7.76,39.13,41.06,-4.71,-3.05,9
2026-08-06,JCI,Johnson Controls,US,Industrials,93.1,5.992,5.5692,7.59,153.65,138.87,10.65,-3.06,21
2026-08-06,PRU.AX,Perseus Mining,ASX,Basic Materials,7.0,0.5124,0.5568,-7.98,5.25,5.52,-4.89,-3.09,4
2026-08-06,ALQ.AX,ALS,ASX,Industrials,11.9,1.0015,0.9697,3.29,23.51,22.1,6.39,-3.1,14
2026-08-06,WPM.TO,Wheaton Precious Metals Corp.,CA,Basic Materials,78.3,5.3182,5.7231,-7.08,172.48,179.36,-3.84,-3.24,16
2026-08-06,TJX,TJX Companies,US,Consumer Cyclical,176.7,5.7113,5.6767,0.61,159.92,153.98,3.86,-3.25,12
2026-08-06,AZJ.AX,Aurizon,ASX,Industrials,7.1,0.2817,0.2804,0.44,4.21,4.06,3.69,-3.25,15
2026-08-06,ARE,Alexandria Real Estate Equities,US,Real Estate,8.7,-0.81,-0.88,7.95,50.1,44.99,11.36,-3.41,1
2026-08-06,NTR.TO,Nutrien Ltd.,CA,Basic Materials,45.1,5.1733,5.2742,-1.91,93.88,92.45,1.54,-3.45,21
2026-08-06,C,Citigroup,US,Financial Services,230.9,12.8833,12.4226,3.71,137.64,128.44,7.17,-3.46,11
2026-08-06,LMP.L,LondonMetric Property,UK,Real Estate,4.6,0.1499,0.1491,0.57,196.4,188.77,4.05,-3.48,7
2026-08-06,VTRS,Viatris,US,Healthcare,20.6,2.6266,2.662,-1.33,17.65,17.26,2.24,-3.57,9
2026-08-06,NSC,Norfolk Southern,US,Industrials,76.8,14.2643,13.465,5.94,341.74,312.04,9.52,-3.58,22
2026-08-06,ENI.MI,Eni,EU,Energy,67.1,2.3006,2.3159,-0.66,23.17,22.51,2.92,-3.58,21
2026-08-06,ABNB,Airbnb,US,Consumer Cyclical,90.5,6.0347,5.7512,4.93,152.49,140.46,8.56,-3.63,39
2026-08-06,AGL.AX,AGL Energy,ASX,Utilities,5.6,0.8083,0.9224,-12.37,8.27,9.06,-8.72,-3.65,9
2026-08-06,ELV,Elevance Health,US,Healthcare,84.8,29.6342,29.1437,1.68,391.24,371.41,5.34,-3.66,21
2026-08-06,FTS.TO,Fortis Inc.,CA,Utilities,40.3,3.8777,3.8729,0.12,78.92,76.02,3.82,-3.7,15
2026-08-06,CNC,Centene Corporation,US,Healthcare,33.1,5.221,4.4225,18.06,66.99,54.98,21.84,-3.78,21
2026-08-06,MDLZ,Mondelez International,US,Consumer Defensive,79.9,3.3591,3.3888,-0.88,62.6,60.8,2.96,-3.84,24
2026-08-06,BWP.AX,BWP Trust,ASX,Real Estate,3.1,0.1956,0.1967,-0.56,3.89,3.76,3.34,-3.9,8
2026-08-06,MC.PA,LVMH Moët Hennessy Louis Vuitton,EU,Consumer Cyclical,239.4,25.579,25.9114,-1.28,485.6,472.7,2.73,-4.01,16
2026-08-06,REGN,Regeneron Pharmaceuticals,US,Healthcare,79.1,50.213,48.0688,4.46,768.58,708.04,8.55,-4.09,10
2026-08-06,EXC,Exelon,US,Utilities,47.1,3.0379,3.0407,-0.09,45.76,44.0,4.01,-4.1,20
2026-08-06,UNH,UnitedHealth Group,US,Healthcare,374.8,22.4354,20.7537,8.1,412.75,367.64,12.27,-4.17,27
2026-08-06,EBO.AX,EBOS Group,ASX,Healthcare,3.8,1.2422,1.2191,1.89,18.55,17.49,6.06,-4.17,3
2026-08-06,MRU.TO,Metro Inc.,CA,Consumer Defensive,19.3,5.5369,5.5688,-0.57,91.64,88.45,3.61,-4.18,9
2026-08-06,DVN,Devon Energy,US,Energy,48.5,4.8639,5.4435,-10.65,42.09,44.99,-6.45,-4.2,13
2026-08-06,BEZ.L,Beazley,UK,Financial Services,7.6,1.3441,1.3919,-3.43,1289.5,1279.0,0.82,-4.25,7
2026-08-06,MCO,Moody's Corporation,US,Financial Services,83.8,18.9133,18.5686,1.86,483.98,456.01,6.13,-4.27,24
2026-08-06,SWKS,Skyworks Solutions,US,Technology,10.1,4.9733,4.9922,-0.38,66.99,64.48,3.89,-4.27,21
2026-08-06,XYL,Xylem Inc.,US,Industrials,28.5,6.1933,6.0854,1.77,122.25,115.19,6.13,-4.36,22
2026-08-06,CAE.TO,CAE Inc.,CA,Industrials,12.1,1.4861,1.5211,-2.3,37.63,36.86,2.09,-4.39,13
2026-08-06,FCX,Freeport-McMoRan,US,Basic Materials,97.1,4.0877,3.7038,10.36,69.39,60.46,14.76,-4.4,17
2026-08-06,PPL.TO,Pembina Pipeline Corporation,CA,Energy,38.4,3.1387,3.0039,4.49,66.08,60.65,8.95,-4.46,8
2026-08-06,ESS,Essex Property Trust,US,Real Estate,19.9,6.1806,5.9308,4.21,288.04,265.03,8.68,-4.47,7
2026-08-06,TPL,Texas Pacific Land Corporation,US,Energy,26.3,9.6885,10.604,-8.63,381.88,398.47,-4.16,-4.47,2
2026-08-06,AVB,AvalonBay Communities,US,Real Estate,27.1,4.8718,4.9451,-1.48,189.61,184.07,3.01,-4.49,3
2026-08-06,WBC.AX,Westpac,ASX,Financial Services,131.6,2.1755,2.211,-1.61,38.53,37.44,2.91,-4.52,10
2026-08-06,AES,AES Corporation,US,Utilities,10.5,2.3777,2.3888,-0.46,14.7,14.12,4.1,-4.56,11
2026-08-06,DOW.AX,Downer Group,ASX,Industrials,5.2,0.4814,0.4899,-1.74,7.93,7.71,2.85,-4.59,7
2026-08-06,SCG.AX,Scentre Group,ASX,Real Estate,20.5,0.249,0.2458,1.31,3.93,3.71,5.93,-4.62,8
2026-08-06,JKHY,Jack Henry & Associates,US,Technology,11.0,7.1011,6.9936,1.54,154.35,145.38,6.17,-4.63,9
2026-08-06,BPT.AX,Beach Energy,ASX,Energy,2.0,0.1744,0.2245,-22.33,0.88,1.08,-17.67,-4.66,13
2026-08-06,IBM,IBM,US,Technology,222.3,13.1749,13.4361,-1.94,235.92,229.62,2.74,-4.68,24
2026-08-06,WST,West Pharmaceutical Services,US,Healthcare,24.7,9.9648,9.5533,4.31,351.02,321.8,9.08,-4.77,16
2026-08-06,DBI.AX,Dalrymple Bay Infrastructure,ASX,Industrials,2.8,0.2488,0.2365,5.23,5.69,5.17,10.12,-4.89,9
2026-08-06,HWDN.L,Howdens Joinery,UK,Consumer Cyclical,4.6,0.5635,0.5543,1.67,839.5,786.74,6.71,-5.04,15
2026-08-06,BGEO.L,Lion Finance Group,UK,Financial Services,5.2,18.3887,17.8027,3.29,11970.0,11029.2,8.53,-5.24,3
2026-08-06,ASX.AX,ASX,ASX,Financial Services,11.4,2.5593,2.6978,-5.13,58.36,58.23,0.22,-5.35,13
2026-08-06,FFH.TO,Fairfax Financial Holdings Limited,CA,Financial Services,50.1,165.6225,159.795,3.65,2410.68,2211.71,9.0,-5.35,4
2026-08-06,BA,Boeing,US,Industrials,189.8,4.2042,4.2642,-1.41,240.19,231.03,3.96,-5.37,22
2026-08-06,NKE,"Nike, Inc.",US,Consumer Cyclical,63.0,2.2376,2.4573,-8.94,42.45,44.02,-3.56,-5.38,31
2026-08-06,AIG,American International Group,US,Financial Services,42.5,8.8374,8.8273,0.11,80.12,75.93,5.52,-5.41,22
2026-08-06,KIM,Kimco Realty,US,Real Estate,16.7,0.866,0.854,1.41,24.87,23.28,6.85,-5.44,5
2026-08-06,RHM.DE,Rheinmetall,EU,Industrials,57.4,53.7956,55.7463,-3.5,1230.2,1206.34,1.98,-5.48,19
2026-08-06,FE,FirstEnergy,US,Utilities,27.7,2.9523,2.945,0.25,47.79,45.17,5.8,-5.55,16
2026-08-06,TROW,T. Rowe Price,US,Financial Services,24.5,10.2475,9.5986,6.76,114.98,102.36,12.33,-5.57,13
2026-08-06,ALD.AX,Ampol,ASX,Energy,9.2,2.5602,2.3961,6.85,38.45,34.2,12.43,-5.58,9
2026-08-06,PRX.AS,Prosus,EU,Consumer Cyclical,88.1,4.4191,4.6425,-4.81,41.34,41.01,0.8,-5.61,14
2026-08-06,IHG.L,IHG Hotels & Resorts,UK,Consumer Cyclical,23.7,6.4497,6.3515,1.55,160.5,149.7,7.21,-5.66,17
2026-08-06,CTSH,Cognizant,US,Technology,25.1,6.308,6.1587,2.42,55.78,51.58,8.15,-5.73,28
2026-08-06,EBAY,eBay Inc.,US,Consumer Cyclical,49.4,6.6858,6.7538,-1.01,111.15,106.13,4.73,-5.74,16
2026-08-06,TDY,Teledyne Technologies,US,Technology,31.7,26.6732,25.9883,2.64,683.73,630.78,8.39,-5.75,11
2026-08-06,GSK.L,GSK plc,UK,Healthcare,77.4,1.939,1.9593,-1.04,1931.5,1842.83,4.81,-5.85,17
2026-08-06,ENEL.MI,Enel,EU,Utilities,99.1,0.751,0.7466,0.6,9.99,9.38,6.52,-5.92,18
2026-08-06,SGM.AX,Sims Metal,ASX,Basic Materials,5.2,1.8729,1.592,17.64,26.76,21.65,23.6,-5.96,13
2026-08-06,REG.AX,Regis Healthcare,ASX,Healthcare,1.9,0.2329,0.2444,-4.71,6.43,6.35,1.26,-5.97,6
2026-08-06,VNT.AX,Ventia Services Group,ASX,Industrials,4.9,0.3663,0.3678,-0.4,6.04,5.72,5.59,-5.99,12
2026-08-06,RL,Ralph Lauren Corporation,US,Consumer Cyclical,22.7,20.4256,20.0351,1.95,380.78,352.69,7.97,-6.02,18
2026-08-06,WN.TO,George Weston Limited,CA,Consumer Defensive,38.2,5.445,5.3543,1.69,101.99,94.61,7.8,-6.11,6
2026-08-06,CL,Colgate-Palmolive,US,Consumer Defensive,74.4,4.1,4.0493,1.25,93.28,86.86,7.39,-6.14,20
2026-08-06,AVY,Avery Dennison,US,Consumer Cyclical,13.3,11.2307,11.1661,0.58,175.58,164.48,6.75,-6.17,12
2026-08-06,CTD.AX,Corporate Travel Management,ASX,Consumer Cyclical,2.4,0.7463,0.7967,-6.33,16.07,16.07,0.0,-6.33,1
2026-08-06,EXR,Extra Space Storage,US,Real Estate,33.1,4.7576,4.7805,-0.48,150.04,141.73,5.86,-6.34,6
2026-08-06,PCG,PG&E Corporation,US,Utilities,37.9,1.8053,1.8015,0.21,17.2,16.14,6.55,-6.34,17
2026-08-06,CAR.AX,CAR Group,ASX,Communication Services,10.3,1.1756,1.2021,-2.2,27.31,26.22,4.16,-6.36,13
2026-08-06,ANZ.AX,Australia & New Zealand Banking Group,ASX,Financial Services,114.8,2.5349,2.5455,-0.42,38.11,35.96,5.98,-6.4,12
2026-08-06,DLR,Digital Realty,US,Real Estate,73.4,2.9331,3.1112,-5.72,194.93,193.49,0.74,-6.46,4
2026-08-06,DE,Deere & Company,US,Industrials,165.2,22.8297,23.0183,-0.82,612.0,579.04,5.69,-6.51,21
2026-08-06,LULU,Lululemon Athletica,US,Consumer Cyclical,14.0,11.4819,13.378,-14.17,123.51,133.59,-7.55,-6.62,22
2026-08-06,INVH,Invitation Homes,US,Real Estate,18.1,0.6792,0.6811,-0.28,30.5,28.68,6.36,-6.64,4
2026-08-06,BF-B,Brown–Forman,US,Consumer Defensive,13.0,1.7021,1.7389,-2.11,28.38,27.14,4.56,-6.67,16
2026-08-06,ACGL,Arch Capital Group,US,Financial Services,33.8,9.7641,9.9498,-1.87,99.09,94.52,4.83,-6.7,20
2026-08-06,MUV2.DE,Munich Re,EU,Financial Services,66.6,51.8573,53.5123,-3.09,520.2,502.0,3.63,-6.72,11
2026-08-06,SHEL.L,Shell plc,UK,Energy,181.4,4.6912,4.7396,-1.02,3281.16,3102.72,5.75,-6.77,16
2026-08-06,DHI,D. R. Horton,US,Consumer Cyclical,42.4,11.6892,12.0539,-3.03,151.45,145.97,3.75,-6.78,14
2026-08-06,MTD,Mettler Toledo,US,Healthcare,28.5,51.6911,51.1954,0.97,1421.52,1319.29,7.75,-6.78,12
2026-08-06,PPT.AX,Perpetual,ASX,Financial Services,2.2,1.6323,1.5369,6.21,18.75,16.59,13.02,-6.81,5
2026-08-06,L.TO,Loblaw Companies Limited,CA,Consumer Defensive,74.6,2.38,2.38,0.0,64.09,59.96,6.89,-6.89,1
2026-08-06,BR,Broadridge Financial Solutions,US,Technology,18.6,10.4152,10.3438,0.69,163.41,151.86,7.61,-6.92,8
2026-08-06,ALK.AX,Alkane Resources,ASX,Basic Materials,2.0,0.2168,0.2426,-10.64,1.47,1.52,-3.62,-7.02,6
2026-08-06,BRBY.L,Burberry Group,UK,Consumer Cyclical,4.4,0.5701,0.6082,-6.26,1228.5,1219.2,0.76,-7.02,13
2026-08-06,EW,Edwards Lifesciences,US,Healthcare,51.3,3.3755,3.3632,0.37,88.97,82.76,7.5,-7.13,28
2026-08-06,VLTO,Veralto,US,Industrials,23.7,4.7596,4.6427,2.52,97.16,88.6,9.66,-7.14,18
2026-08-06,TLC.AX,The Lottery Corporation,ASX,Consumer Cyclical,12.1,0.1775,0.1859,-4.51,5.44,5.3,2.64,-7.15,15
2026-08-06,WEIR.L,Weir Group,UK,Industrials,7.0,1.475,1.4966,-1.44,2684.0,2538.0,5.75,-7.19,21
2026-08-06,AWK,American Water Works,US,Utilities,26.7,6.5658,6.5757,-0.15,134.16,125.3,7.07,-7.22,10
2026-08-06,UU.L,United Utilities,UK,Utilities,10.5,1.0889,1.148,-5.15,1419.0,1389.12,2.15,-7.3,13
2026-08-06,DXS.AX,Dexus,ASX,Real Estate,6.5,0.5811,0.611,-4.89,6.07,5.92,2.49,-7.38,8
2026-08-06,LNW.AX,Light & Wonder,ASX,Consumer Cyclical,9.0,8.9086,9.3183,-4.4,118.08,114.64,3.0,-7.4,14
2026-08-06,ROST,Ross Stores,US,Consumer Cyclical,81.2,8.5999,8.1442,5.6,253.22,224.04,13.02,-7.42,18
2026-08-06,BIIB,Biogen,US,Healthcare,30.5,16.5904,16.5122,0.47,206.63,191.38,7.97,-7.5,32
2026-08-06,AOS,A. O. Smith,US,Industrials,8.6,4.0961,4.1794,-1.99,63.18,59.87,5.53,-7.52,12
2026-08-06,UPS,United Parcel Service,US,Industrials,91.5,8.0736,7.9253,1.87,107.7,98.44,9.41,-7.54,28
2026-08-06,PLTR,Palantir Technologies,US,Technology,379.8,2.1659,2.0046,8.04,158.43,137.05,15.6,-7.56,29
2026-08-06,SYF,Synchrony Financial,US,Financial Services,25.8,10.4678,10.4692,-0.01,79.25,73.68,7.56,-7.57,23
2026-08-06,IBE.MC,Iberdrola,EU,Utilities,138.0,1.0788,1.0704,0.78,20.68,19.07,8.45,-7.67,11
2026-08-06,AME,Ametek,US,Industrials,58.4,8.8076,8.7183,1.02,254.76,234.38,8.7,-7.68,16
2026-08-06,NVR,"NVR, Inc.",US,Consumer Cyclical,17.0,411.6239,419.8301,-1.95,6365.78,6008.85,5.94,-7.89,6
2026-08-06,VRSK,Verisk Analytics,US,Industrials,24.6,8.693,8.654,0.45,188.75,174.21,8.34,-7.89,19
2026-08-06,EG,Everest Group,US,Financial Services,14.3,60.0841,60.7949,-1.17,373.28,349.64,6.76,-7.93,14
2026-08-06,PGR,Progressive Corporation,US,Financial Services,123.7,16.286,16.1594,0.78,212.76,195.66,8.74,-7.96,22
2026-08-06,INVP.L,Investec,UK,Financial Services,4.2,0.9891,0.9754,1.4,672.5,614.5,9.44,-8.04,4
2026-08-06,IEX,IDEX Corporation,US,Industrials,17.5,9.4648,9.1895,3.0,236.98,213.41,11.05,-8.05,15
2026-08-06,NXG.AX,Nexgen Energy,ASX,Energy,9.4,-0.1865,-0.1487,-25.46,14.09,17.06,-17.41,-8.05,2
2026-08-06,MS,Morgan Stanley,US,Financial Services,343.1,13.6493,12.7187,7.32,218.27,189.13,15.41,-8.09,21
2026-08-06,KEY,KeyCorp,US,Financial Services,24.8,2.138,2.1513,-0.62,23.09,21.48,7.51,-8.13,15
2026-08-06,EXPN.L,Experian,UK,Industrials,25.5,2.294,2.2751,0.83,2885.0,2647.13,8.99,-8.16,17
2026-08-06,VOW.DE,Volkswagen Group,EU,Consumer Cyclical,38.6,27.1509,32.8692,-17.4,76.95,84.72,-9.17,-8.23,4
2026-08-06,KVUE,Kenvue,US,Consumer Defensive,37.8,1.247,1.199,4.01,19.67,17.51,12.34,-8.33,15
2026-08-06,BMY,Bristol Myers Squibb,US,Healthcare,130.0,6.5357,6.1666,5.99,63.63,55.62,14.4,-8.41,28
2026-08-06,KDP,Keurig Dr Pepper,US,Consumer Defensive,41.8,2.528,2.5251,0.11,30.75,28.32,8.59,-8.48,18
2026-08-06,CP.TO,Canadian Pacific Kansas City Limited,CA,Industrials,112.5,5.9925,5.8834,1.85,128.01,116.03,10.33,-8.48,28
2026-08-06,BALL,Ball Corporation,US,Consumer Cyclical,16.8,4.5212,4.4944,0.6,63.49,58.2,9.1,-8.5,15
2026-08-06,QBE.AX,QBE Insurance,ASX,Financial Services,36.4,1.9839,1.9693,0.74,24.36,22.3,9.24,-8.5,10
2026-08-06,STE,Steris,US,Healthcare,22.7,12.2127,12.138,0.62,232.71,213.07,9.22,-8.6,9
2026-08-06,AAPL,Apple Inc.,US,Technology,4538.8,9.5885,9.6186,-0.31,311.0,287.18,8.3,-8.61,41
2026-08-06,BEN,Franklin Resources,US,Financial Services,17.7,3.1474,2.9434,6.93,34.92,30.22,15.57,-8.64,10
2026-08-06,BN.PA,Danone,EU,Consumer Defensive,44.2,4.2337,4.1978,0.85,68.76,62.8,9.49,-8.64,19
2026-08-06,NTRS,Northern Trust,US,Financial Services,33.7,12.5151,11.6877,7.08,184.38,159.29,15.75,-8.67,12
2026-08-06,DRI,Darden Restaurants,US,Consumer Cyclical,23.8,12.3866,12.49,-0.83,208.85,193.6,7.87,-8.7,26
2026-08-06,WYNN,Wynn Resorts,US,Consumer Cyclical,10.5,5.0182,5.8208,-13.79,101.15,106.57,-5.09,-8.7,9
2026-08-06,GD,General Dynamics,US,Industrials,103.9,18.534,18.1312,2.22,384.08,346.24,10.93,-8.71,20
2026-08-06,ABI.BR,Anheuser-Busch InBev,EU,Consumer Defensive,146.5,4.9122,4.8635,1.0,74.38,67.8,9.71,-8.71,25
2026-08-06,MAS,Masco,US,Industrials,15.2,4.6639,4.7004,-0.78,77.32,71.59,8.01,-8.79,21
2026-08-06,KKR,KKR & Co.,US,Financial Services,94.9,7.3932,7.6458,-3.3,105.65,100.14,5.5,-8.8,22
2026-08-06,REL.L,RELX,UK,Industrials,46.8,1.5697,1.5666,0.2,2683.0,2460.0,9.07,-8.87,16
2026-08-06,UNP,Union Pacific Corporation,US,Industrials,175.6,14.1164,13.67,3.27,295.54,263.52,12.15,-8.88,24
2026-08-06,RGN.AX,Region Group,ASX,Real Estate,2.8,0.1661,0.1661,-0.01,2.41,2.21,8.88,-8.89,6
2026-08-06,O,Realty Income,US,Real Estate,58.5,1.7071,1.8185,-6.12,62.7,61.0,2.79,-8.91,3
2026-08-06,CQR.AX,Charter Hall Retail REIT,ASX,Real Estate,2.4,0.2703,0.2705,-0.06,4.06,3.73,8.85,-8.91,9
2026-08-06,ORG.AX,Origin Energy,ASX,Utilities,18.7,0.642,0.7448,-13.8,10.83,11.38,-4.83,-8.97,11
2026-08-06,OMC,Omnicom Group,US,Communication Services,22.4,12.0446,12.2452,-1.64,81.71,76.11,7.36,-9.0,12
2026-08-06,CTC-A.TO,Canadian Tire Corporation Limited,CA,Consumer Cyclical,10.9,15.8733,15.8765,-0.02,206.63,189.6,8.98,-9.0,9
2026-08-06,NDSN,Nordson Corporation,US,Industrials,17.3,12.4125,12.3351,0.63,310.67,283.33,9.65,-9.02,8
2026-08-06,CCL,Carnival Corporation,US,Consumer Cyclical,40.6,2.6378,2.598,1.53,29.67,26.84,10.56,-9.03,27
2026-08-06,GIB-A.TO,CGI Inc.,CA,Technology,21.1,9.7722,9.7116,0.62,101.8,92.83,9.66,-9.04,15
2026-08-06,WRB,W. R. Berkley Corporation,US,Financial Services,26.8,4.8304,4.818,0.26,72.08,65.94,9.32,-9.06,18
2026-08-06,NWS.AX,News Corp Class B,ASX,Communication Services,26.2,1.5889,1.5385,3.28,48.5,43.17,12.35,-9.07,5
2026-08-06,DG,Dollar General,US,Consumer Defensive,28.0,8.0069,7.9711,0.45,126.94,115.88,9.55,-9.1,26
2026-08-06,FRT,Federal Realty Investment Trust,US,Real Estate,10.7,3.0857,3.178,-2.9,121.83,114.61,6.3,-9.2,6
2026-08-06,BEN.AX,Bendigo & Adelaide Bank,ASX,Financial Services,6.5,0.851,0.8572,-0.73,11.58,10.67,8.53,-9.26,9
2026-08-06,LUV,Southwest Airlines,US,Industrials,23.9,4.9355,4.5258,9.05,48.79,41.21,18.39,-9.34,24
2026-08-06,DCC.L,DCC Energy,UK,Energy,5.4,5.36,5.2778,1.56,6375.0,5748.6,10.9,-9.34,9
2026-08-06,GM,General Motors,US,Consumer Cyclical,80.6,14.707,14.0618,4.59,89.16,78.24,13.96,-9.37,26
2026-08-06,DGE.L,Diageo,UK,Consumer Defensive,37.0,1.59,1.6095,-1.21,1662.0,1536.6,8.16,-9.37,22
2026-08-06,MEZ.AX,Meridian Energy,ASX,Utilities,12.7,0.14,0.16,-12.5,4.69,4.84,-3.1,-9.4,1
2026-08-06,CCL-B.TO,CCL Industries Inc.,CA,Consumer Cyclical,16.1,5.3641,5.294,1.32,93.71,84.63,10.73,-9.41,10
2026-08-06,MAA,Mid-America Apartment Communities,US,Real Estate,16.0,3.1361,3.3021,-5.03,134.56,128.87,4.42,-9.45,8
2026-08-06,SCHW,Charles Schwab Corporation,US,Financial Services,187.9,7.8028,6.9878,11.66,108.02,89.18,21.13,-9.47,22
2026-08-06,WCN.TO,Waste Connections Inc.,CA,Industrials,58.1,6.2041,6.1769,0.44,230.46,209.69,9.91,-9.47,25
2026-08-06,PPG,PPG Industries,US,Basic Materials,26.5,8.6771,8.6256,0.6,119.13,108.22,10.08,-9.48,21
2026-08-06,ORI.AX,Orica,ASX,Basic Materials,10.9,1.3776,1.3757,0.14,23.52,21.46,9.62,-9.48,14
2026-08-06,RMD,ResMed,US,Healthcare,32.5,12.0826,12.1905,-0.89,224.03,206.28,8.61,-9.5,6
2026-08-06,COIN,Coinbase,US,Financial Services,39.5,3.265,4.7918,-31.86,149.89,192.96,-22.32,-9.54,29
2026-08-06,CGF.AX,Challenger,ASX,Financial Services,6.8,0.7347,0.714,2.89,9.94,8.84,12.44,-9.55,9
2026-08-06,ICG.L,ICG,UK,Financial Services,5.9,1.9298,1.9538,-1.23,2044.0,1884.38,8.47,-9.7,12
2026-08-06,WAB,Wabtec,US,Industrials,50.0,12.3704,12.1276,2.0,296.31,265.26,11.71,-9.71,12
2026-08-06,FNV.TO,Franco-Nevada Corporation,CA,Basic Materials,61.2,9.2236,9.9854,-7.63,317.54,311.06,2.08,-9.71,11
2026-08-06,AXP,American Express,US,Financial Services,235.7,20.1239,20.1124,0.06,348.99,317.82,9.81,-9.75,27
2026-08-06,TFC,Truist Financial,US,Financial Services,64.6,4.9941,5.121,-2.48,52.85,49.22,7.38,-9.86,18
2026-08-06,QUB.AX,Qube Holdings,ASX,Industrials,9.1,0.1878,0.1898,-1.1,5.11,4.7,8.76,-9.86,5
2026-08-06,CHD,Church & Dwight,US,Consumer Defensive,24.6,4.0396,4.0053,0.86,103.64,93.57,10.76,-9.9,17
2026-08-06,KO,Coca-Cola Company (The),US,Consumer Defensive,373.6,3.5264,3.475,1.48,86.83,77.93,11.42,-9.94,24
2026-08-06,BHP.AX,BHP,ASX,Basic Materials,319.2,2.5439,2.5838,-1.54,62.82,57.95,8.4,-9.94,17
2026-08-06,HSX.L,Hiscox,UK,Financial Services,5.8,2.0482,2.0267,1.06,1803.0,1624.0,11.02,-9.96,8
2026-08-06,CSX,CSX Corporation,US,Industrials,94.7,2.2675,2.1522,5.36,51.12,44.32,15.33,-9.97,25
2026-08-06,AKAM,Akamai Technologies,US,Technology,17.8,7.2038,7.6022,-5.24,122.27,116.69,4.78,-10.02,25
2026-08-06,BRK-B,Berkshire Hathaway,US,Financial Services,1119.1,21.5715,21.75,-0.82,518.85,475.08,9.21,-10.03,3
2026-08-06,CLW.AX,Charter Hall Long WALE REIT,ASX,Real Estate,2.7,0.2554,0.2538,0.62,3.81,3.44,10.7,-10.08,7
2026-08-06,NHC.AX,New Hope,ASX,Energy,4.4,0.4164,0.4493,-7.32,5.17,5.03,2.78,-10.1,7
2026-08-06,ETN,Eaton Corporation,US,Industrials,173.7,15.9541,15.6107,2.2,447.28,398.05,12.37,-10.17,23
2026-08-06,DOL.TO,Dollarama Inc.,CA,Consumer Defensive,52.2,5.8255,5.8298,-0.08,192.82,175.01,10.18,-10.26,11
2026-08-06,SPGI,S&P Global,US,Financial Services,120.9,20.2197,22.2059,-8.94,410.03,404.62,1.34,-10.28,22
2026-08-06,CWY.AX,Cleanaway,ASX,Industrials,5.4,0.1155,0.1205,-4.11,2.39,2.25,6.22,-10.33,13
2026-08-06,TKO,TKO Group Holdings,US,Communication Services,34.6,4.871,5.5568,-12.34,183.07,186.78,-1.99,-10.35,9
2026-08-06,AIA.AX,Auckland International Airport Limited,ASX,Industrials,12.6,0.1864,0.1895,-1.64,7.46,6.86,8.75,-10.39,2
2026-08-06,AI.PA,Air Liquide,EU,Basic Materials,111.2,7.2244,7.0985,1.77,174.88,155.86,12.2,-10.43,18
2026-08-06,CB,Chubb Limited,US,Financial Services,136.0,29.1412,29.2519,-0.38,352.54,320.28,10.07,-10.45,24
2026-08-06,TRI.TO,Thomson Reuters Corporation,CA,Industrials,60.0,5.0327,5.1169,-1.65,137.49,126.34,8.83,-10.48,16
2026-08-06,IMI.L,IMI,UK,Industrials,7.3,1.5408,1.5385,0.14,3077.2,2780.0,10.69,-10.55,15
2026-08-06,CM.TO,Canadian Imperial Bank of Commerce,CA,Financial Services,151.9,11.1315,11.0888,0.38,166.45,149.96,11.0,-10.62,13
2026-08-06,ROP,Roper Technologies,US,Technology,39.0,24.2557,23.8926,1.52,394.53,351.56,12.22,-10.7,18
2026-08-06,HLN.L,Haleon,UK,Healthcare,32.8,0.2284,0.225,1.49,371.9,331.2,12.29,-10.8,17
2026-08-06,EXPD,Expeditors International,US,Industrials,23.6,7.1232,6.5203,9.25,181.41,151.08,20.07,-10.82,14
2026-08-06,ABDN.L,Aberdeen Group,UK,Financial Services,4.5,0.1555,0.1499,3.74,252.3,220.2,14.58,-10.84,15
2026-08-06,AMAT,Applied Materials,US,Technology,424.2,17.0004,14.2445,19.35,534.24,410.13,30.26,-10.91,33
2026-08-06,CTEC.L,Convatec,UK,Healthcare,4.4,0.1792,0.1818,-1.4,224.8,205.2,9.55,-10.95,7
2026-08-06,PM,Philip Morris International,US,Consumer Defensive,294.5,9.1688,9.137,0.35,188.93,169.7,11.33,-10.98,16
2026-08-06,PKG,Packaging Corporation of America,US,Consumer Cyclical,22.8,12.6755,12.1479,4.34,256.01,221.96,15.34,-11.0,9
2026-08-06,CINF,Cincinnati Financial,US,Financial Services,27.3,9.1,9.1642,-0.7,177.79,161.17,10.31,-11.01,8
2026-08-06,ULVR.L,Unilever,UK,Consumer Defensive,103.1,3.4375,3.4054,0.94,4785.5,4274.09,11.97,-11.03,16
2026-08-06,OTEX.TO,Open Text Corporation,CA,Technology,8.7,4.4674,4.4044,1.43,35.96,31.97,12.47,-11.04,12
2026-08-06,ADS.DE,Adidas,EU,Consumer Cyclical,28.8,11.6575,11.5569,0.87,164.45,146.85,11.99,-11.12,17
2026-08-06,HBAN,Huntington Bancshares,US,Financial Services,35.6,1.8735,1.9015,-1.47,17.6,16.05,9.69,-11.16,14
2026-08-06,SW,Smurfit Westrock,US,Consumer Cyclical,25.4,3.3558,3.149,6.57,48.47,41.16,17.76,-11.19,14
2026-08-06,FAST,Fastenal,US,Industrials,57.4,1.3901,1.3626,2.01,49.99,44.12,13.31,-11.3,15
2026-08-06,APE.AX,Eagers Automotive,ASX,Consumer Cyclical,6.8,1.2702,1.4026,-9.44,24.23,23.78,1.89,-11.33,13
2026-08-06,UDR,"UDR, Inc.",US,Real Estate,14.2,0.56,0.6,-6.67,38.52,36.8,4.68,-11.35,1
2026-08-06,ES,Eversource Energy,US,Utilities,27.3,4.9068,5.0062,-1.99,72.47,66.25,9.38,-11.37,10
2026-08-06,PCAR,Paccar,US,Industrials,70.2,7.2069,6.8054,5.9,133.34,113.7,17.28,-11.38,13
2026-08-06,CVS,CVS Health,US,Healthcare,126.5,8.4308,8.207,2.73,99.12,86.82,14.16,-11.43,26
2026-08-06,ARB.AX,ARB Corporation,ASX,Consumer Cyclical,1.7,1.1244,1.1646,-3.45,20.15,18.66,7.98,-11.43,15
2026-08-06,MGR.AX,Mirvac,ASX,Real Estate,7.2,0.1308,0.1331,-1.72,1.82,1.65,9.72,-11.44,11
2026-08-06,VCX.AX,Vicinity Centres,ASX,Real Estate,12.5,0.1573,0.1578,-0.33,2.7,2.43,11.11,-11.44,9
2026-08-06,IVZ,Invesco,US,Financial Services,14.1,3.2264,2.9671,8.74,32.01,26.62,20.24,-11.5,13
2026-08-06,HD,Home Depot (The),US,Consumer Cyclical,352.1,16.1022,16.3056,-1.25,353.14,320.24,10.27,-11.52,34
2026-08-06,NHF.AX,Nib,ASX,Financial Services,3.7,0.4697,0.4639,1.26,7.49,6.64,12.8,-11.54,8
2026-08-06,DHR,Danaher Corporation,US,Healthcare,140.4,9.2988,9.091,2.29,199.66,175.3,13.9,-11.61,24
2026-08-06,APH,Amphenol,US,Technology,212.4,6.448,5.6276,14.58,172.24,136.41,26.26,-11.68,17
2026-08-06,CPG.L,Compass Group,UK,Consumer Cyclical,56.0,1.6358,1.622,0.85,32.95,29.27,12.57,-11.72,18
2026-08-06,FSV.TO,FirstService Corporation,CA,Real Estate,8.9,6.6762,6.7476,-1.06,202.6,183.08,10.66,-11.72,10
2026-08-06,MSFT,Microsoft,US,Technology,3619.7,23.4688,22.4913,4.35,487.46,419.86,16.1,-11.75,33
2026-08-06,D,Dominion Energy,US,Utilities,60.0,3.8152,3.8091,0.16,68.27,61.0,11.92,-11.76,19
2026-08-06,DPZ,Domino's,US,Consumer Cyclical,12.1,20.9484,21.129,-0.85,366.61,330.49,10.93,-11.78,22
2026-08-06,RMD.AX,ResMed,ASX,Healthcare,45.7,1.219,1.2356,-1.35,31.48,28.5,10.46,-11.81,3
2026-08-06,PSON.L,Pearson plc,UK,Communication Services,7.4,0.7857,0.7743,1.47,1236.0,1090.92,13.3,-11.83,10
2026-08-06,LMT,Lockheed Martin,US,Industrials,133.3,32.646,32.1279,1.61,577.6,509.08,13.46,-11.85,21
2026-08-06,INF.L,Informa,UK,Communication Services,11.4,0.6615,0.6607,0.12,911.6,814.05,11.98,-11.86,14
2026-08-06,BA.L,BAE Systems,UK,Industrials,64.3,0.9562,0.9413,1.58,2195.0,1934.8,13.45,-11.87,15
2026-08-06,HSBA.L,HSBC,UK,Financial Services,259.0,1.8832,1.8312,2.84,1510.36,1315.33,14.83,-11.99,12
2026-08-06,FSLR,First Solar,US,Technology,25.4,22.9209,23.3163,-1.7,236.8,214.57,10.36,-12.06,30
2026-08-06,RJF,Raymond James Financial,US,Financial Services,34.7,14.1814,13.3842,5.96,180.55,152.98,18.02,-12.06,14
2026-08-06,WFC,Wells Fargo,US,Financial Services,269.7,7.9622,7.8678,1.2,89.17,78.71,13.29,-12.09,20
2026-08-06,TD.TO,Toronto-Dominion Bank,CA,Financial Services,280.3,10.7718,10.3595,3.98,169.65,146.16,16.07,-12.09,12
2026-08-06,MKC,McCormick & Company,US,Consumer Defensive,14.1,3.2989,3.3462,-1.42,52.54,47.47,10.68,-12.1,12
2026-08-06,IFF,International Flavors & Fragrances,US,Basic Materials,22.5,4.7973,4.7561,0.87,88.07,77.85,13.13,-12.26,14
2026-08-06,MQG.AX,Macquarie Group,ASX,Financial Services,101.9,13.095,12.9145,1.4,267.25,235.09,13.68,-12.28,8
2026-08-06,DNL.AX,Dyno Nobel,ASX,Basic Materials,6.7,0.1951,0.1879,3.83,3.81,3.28,16.15,-12.32,11
2026-08-06,BDX,Becton Dickinson,US,Healthcare,47.0,13.4597,13.5038,-0.33,170.66,152.19,12.14,-12.47,14
2026-08-06,JPM,JPMorgan Chase,US,Financial Services,954.9,24.8945,23.6589,5.22,359.24,304.9,17.82,-12.6,12
2026-08-06,WELL,Welltower,US,Real Estate,171.0,3.275,3.3033,-0.86,237.25,212.23,11.79,-12.65,2
2026-08-06,KHC,Kraft Heinz,US,Consumer Defensive,30.5,2.0986,2.1393,-1.9,25.73,23.22,10.81,-12.71,19
2026-08-06,PH,Parker Hannifin,US,Industrials,125.7,34.086,34.108,-0.06,996.9,884.85,12.66,-12.72,23
2026-08-06,COL.AX,Coles Group,ASX,Consumer Defensive,32.7,1.0067,1.0084,-0.17,24.36,21.63,12.62,-12.79,15
2026-08-06,RWC.AX,Reliance Worldwide Corporation,ASX,Industrials,2.8,0.2897,0.2773,4.49,3.73,3.18,17.3,-12.81,14
2026-08-06,NWL.AX,Netwealth Group,ASX,Technology,6.1,0.592,0.6073,-2.52,24.91,22.58,10.32,-12.84,17
2026-08-06,PSN.L,Persimmon,UK,Consumer Cyclical,3.7,1.0339,1.1301,-8.52,1162.0,1113.6,4.35,-12.87,18
2026-08-06,DB1.DE,Deutsche Börse,EU,Financial Services,48.9,13.4047,13.2956,0.82,271.2,238.54,13.69,-12.87,8
2026-08-06,NAB.AX,National Australia Bank,ASX,Financial Services,130.7,2.4516,2.4948,-1.73,42.7,38.36,11.31,-13.04,8
2026-08-06,TGT,Target Corporation,US,Consumer Defensive,67.1,8.9611,8.5061,5.35,147.7,124.7,18.44,-13.09,36
2026-08-06,STAN.L,Standard Chartered,UK,Financial Services,48.4,2.7938,2.6902,3.85,2208.14,1888.2,16.94,-13.09,10
2026-08-06,NDA-FI.HE,Nordea,EU,Financial Services,59.6,1.5718,1.5449,1.75,17.55,15.27,14.92,-13.17,7
2026-08-06,BX,Blackstone Inc.,US,Financial Services,169.3,7.488,7.5524,-0.85,136.03,121.09,12.33,-13.18,23
2026-08-06,WAT,Waters Corporation,US,Healthcare,39.3,16.4901,16.3412,0.91,400.0,350.49,14.13,-13.22,24
2026-08-06,MA,Mastercard,US,Financial Services,499.7,22.9724,22.7802,0.84,570.48,500.1,14.07,-13.23,39
2026-08-06,AFL,Aflac,US,Financial Services,63.9,7.5464,7.7132,-2.16,125.56,113.01,11.1,-13.26,14
2026-08-06,SNA,Snap-on,US,Industrials,21.7,21.3601,21.2633,0.46,418.85,368.16,13.77,-13.31,10
2026-08-06,BAM.TO,Brookfield Asset Management Ltd.,CA,Financial Services,117.8,2.163,2.1985,-1.62,73.77,66.02,11.74,-13.36,16
2026-08-06,PHM,PulteGroup,US,Consumer Cyclical,25.3,11.241,11.1641,0.69,133.01,116.57,14.1,-13.41,12
2026-08-06,SHW,Sherwin-Williams,US,Basic Materials,89.7,13.5876,13.2764,2.34,369.68,319.38,15.75,-13.41,24
2026-08-06,CFG,Citizens Financial Group,US,Financial Services,31.1,6.5101,6.3928,1.84,73.6,63.81,15.35,-13.51,12
2026-08-06,HIG,Hartford (The),US,Financial Services,39.4,13.7259,14.4142,-4.78,143.6,132.04,8.75,-13.53,23
2026-08-06,ECL,Ecolab,US,Basic Materials,80.3,9.4375,9.6422,-2.12,285.47,255.85,11.58,-13.7,22
2026-08-06,HOOD,Robinhood Markets,US,Financial Services,83.4,2.692,2.4935,7.96,92.8,76.28,21.66,-13.7,20
2026-08-06,MRK,Merck & Co.,US,Healthcare,317.0,9.6457,9.5134,1.39,128.33,111.5,15.1,-13.71,21
2026-08-06,RKT.L,Reckitt,UK,Consumer Defensive,33.7,3.6129,3.6117,0.03,5312.87,4671.0,13.74,-13.71,19
2026-08-06,IFC.TO,Intact Financial Corporation,CA,Financial Services,49.8,18.7116,18.9699,-1.36,282.53,251.44,12.36,-13.72,13
2026-08-06,RDX.AX,Redox,ASX,Basic Materials,2.0,0.1893,0.1826,3.66,3.83,3.26,17.48,-13.82,4
2026-08-06,AMP,Ameriprise Financial,US,Financial Services,49.6,51.5446,47.4054,8.73,561.03,457.41,22.65,-13.92,13
2026-08-06,V,Visa Inc.,US,Financial Services,688.1,14.9675,14.8254,0.96,368.54,320.62,14.95,-13.99,40
2026-08-06,PFG,Principal Financial Group,US,Financial Services,24.6,10.3485,10.1731,1.72,114.85,99.24,15.73,-14.01,11
2026-08-06,GPT.AX,GPT Group,ASX,Real Estate,10.0,0.3678,0.3656,0.6,5.24,4.57,14.69,-14.09,7
2026-08-06,BLND.L,British Land,UK,Real Estate,4.6,0.3265,0.3271,-0.17,446.4,391.8,13.94,-14.11,15
2026-08-06,GEHC,GE HealthCare,US,Healthcare,31.7,5.404,5.3808,0.43,70.24,61.31,14.57,-14.14,19
2026-08-06,MPL.AX,Medibank,ASX,Financial Services,14.5,0.255,0.2534,0.64,5.27,4.59,14.81,-14.17,8
2026-08-06,IT,Gartner,US,Technology,11.8,15.3065,14.7224,3.97,186.41,157.78,18.15,-14.18,15
2026-08-06,AV.L,Aviva,UK,Financial Services,21.1,0.6719,0.6754,-0.5,704.6,619.8,13.68,-14.18,10
2026-08-06,TPR,"Tapestry, Inc.",US,Consumer Cyclical,32.2,7.8145,7.2288,8.1,159.16,130.15,22.29,-14.19,22
2026-08-06,USB,U.S. Bancorp,US,Financial Services,100.0,5.7906,5.6418,2.64,64.21,54.84,17.08,-14.44,19
2026-08-06,KMB,Kimberly-Clark,US,Consumer Defensive,37.4,7.5572,7.5647,-0.1,112.37,98.21,14.42,-14.52,14
2026-08-06,F,Ford Motor Company,US,Consumer Cyclical,56.3,1.9042,1.8502,2.92,14.13,12.03,17.47,-14.55,22
2026-08-06,IAG.L,International Airlines Group,UK,Industrials,19.6,0.7824,0.7752,0.93,444.6,384.96,15.49,-14.56,14
2026-08-06,SMIN.L,Smiths Group,UK,Industrials,7.9,1.1444,1.2168,-5.95,2689.0,2475.0,8.65,-14.6,7
2026-08-06,XYZ,"Block, Inc.",US,Technology,50.1,5.0672,4.8065,5.42,84.2,70.14,20.05,-14.63,40
2026-08-06,SYK,Stryker Corporation,US,Healthcare,129.3,16.7582,16.7257,0.19,337.03,293.45,14.85,-14.66,27
2026-08-06,KGF.L,Kingfisher plc,UK,Consumer Cyclical,5.3,0.2805,0.2855,-1.75,325.6,288.32,12.93,-14.68,18
2026-08-06,WTB.L,Whitbread,UK,Consumer Cyclical,4.2,1.929,2.1278,-9.35,2539.0,2409.4,5.38,-14.73,18
2026-08-06,PMV.AX,Premier Investments,ASX,Consumer Cyclical,2.1,1.0354,1.0634,-2.63,13.39,11.94,12.11,-14.74,11
2026-08-06,IR,Ingersoll Rand,US,Industrials,34.9,3.8916,3.8485,1.12,90.0,77.48,16.16,-15.04,14
2026-08-06,WY,Weyerhaeuser,US,Real Estate,18.6,0.673,0.709,-5.08,25.84,23.5,9.96,-15.04,11
2026-08-06,ARGX.BR,Argenx,EU,Healthcare,47.2,34.9542,35.5966,-1.8,759.6,670.8,13.24,-15.04,14
2026-08-06,PNC,PNC Financial Services,US,Financial Services,101.9,21.5159,21.0261,2.33,255.37,217.56,17.38,-15.05,19
2026-08-06,DHL.DE,Deutsche Post,EU,Industrials,61.8,3.7523,3.6179,3.71,55.67,46.85,18.83,-15.12,15
2026-08-06,MRSH,Marsh McLennan,US,Financial Services,91.4,11.4077,11.3159,0.81,191.47,165.1,15.97,-15.16,23
2026-08-06,AON,Aon plc,US,Financial Services,76.4,21.3552,21.3991,-0.21,359.97,312.88,15.05,-15.26,22
2026-08-06,MCK,McKesson Corporation,US,Healthcare,102.7,50.3759,49.8327,1.09,877.23,753.93,16.35,-15.26,17
2026-08-06,ZIP.AX,Zip,ASX,Financial Services,3.7,0.1407,0.137,2.67,2.96,2.51,17.93,-15.26,8
2026-08-06,TNE.AX,TechnologyOne,ASX,Technology,10.7,0.6064,0.5986,1.3,32.55,27.92,16.6,-15.3,16
2026-08-06,ITX.MC,Inditex,EU,Consumer Cyclical,184.2,2.3885,2.3893,-0.03,59.16,51.32,15.28,-15.31,24
2026-08-06,EMR,Emerson Electric,US,Industrials,90.6,7.1684,7.1479,0.29,162.47,140.52,15.62,-15.33,28
2026-08-06,SPG,Simon Property Group,US,Real Estate,85.4,6.7404,6.9125,-2.49,224.81,199.21,12.85,-15.34,5
2026-08-06,LEN,Lennar,US,Consumer Cyclical,21.2,6.4805,7.5891,-14.61,87.88,87.22,0.76,-15.37,11
2026-08-06,STT,State Street Corporation,US,Financial Services,51.4,15.2493,13.7401,10.98,187.05,148.04,26.35,-15.37,14
2026-08-06,BAC,Bank of America,US,Financial Services,442.3,5.2836,5.029,5.06,63.25,52.48,20.53,-15.47,19
2026-08-06,VRTX,Vertex Pharmaceuticals,US,Healthcare,122.9,21.2922,21.5938,-1.4,484.83,425.0,14.08,-15.48,22
2026-08-06,SFR.AX,Sandfire Resources,ASX,Basic Materials,9.7,1.5665,1.5612,0.34,20.86,18.01,15.82,-15.48,10
2026-08-06,HST,Host Hotels & Resorts,US,Real Estate,17.4,1.0177,0.97,4.91,25.13,20.87,20.41,-15.5,5
2026-08-06,ITW,Illinois Tool Works,US,Industrials,85.5,12.3142,12.1257,1.56,297.32,253.99,17.06,-15.5,14
2026-08-06,CMM.AX,Capricorn Metals,ASX,Basic Materials,6.7,0.9071,0.9797,-7.41,14.74,13.63,8.14,-15.55,7
2026-08-06,BNY,BNY Mellon,US,Financial Services,107.7,10.2268,9.6153,6.36,158.74,130.17,21.95,-15.59,13
2026-08-06,PSA,Public Storage,US,Real Estate,61.1,9.19,10.075,-8.78,327.34,306.48,6.81,-15.59,1
2026-08-06,CS.PA,Axa,EU,Financial Services,91.6,4.4754,4.4447,0.69,45.03,38.72,16.3,-15.61,13
2026-08-06,J,Jacobs Solutions,US,Industrials,16.9,8.2301,8.0224,2.59,144.67,122.37,18.22,-15.63,16
2026-08-06,FFIV,"F5, Inc.",US,Technology,23.4,18.0768,17.4554,3.56,411.32,345.02,19.22,-15.66,13
2026-08-06,SGE.L,Sage Group,UK,Technology,9.2,0.576,0.5697,1.1,1023.78,876.72,16.77,-15.67,19
2026-08-06,SGO.PA,Saint-Gobain,EU,Industrials,42.3,6.8568,7.0743,-3.07,86.5,76.82,12.6,-15.67,13
2026-08-06,VGN.AX,Virgin Australia Holdings,ASX,Industrials,2.3,0.4845,0.4874,-0.6,2.9,2.52,15.08,-15.68,9
2026-08-06,RCL,Royal Caribbean Group,US,Consumer Cyclical,87.6,20.3299,20.044,1.43,327.42,279.42,17.18,-15.75,29
2026-08-06,RF,Regions Financial Corporation,US,Financial Services,27.2,2.8426,2.8601,-0.61,31.88,27.69,15.15,-15.76,16
2026-08-06,POW.TO,Power Corporation of Canada,CA,Financial Services,60.0,6.965,6.5725,5.97,95.23,78.21,21.76,-15.79,8
2026-08-06,JNJ,Johnson & Johnson,US,Healthcare,620.8,12.7836,12.7104,0.58,257.59,221.24,16.43,-15.85,22
2026-08-06,LLOY.L,Lloyds Banking Group,UK,Financial Services,67.3,0.1215,0.12,1.25,115.89,98.95,17.12,-15.87,14
2026-08-06,COF,Capital One,US,Financial Services,136.0,24.0733,24.1561,-0.34,221.63,191.77,15.57,-15.91,19
2026-08-06,SGP.AX,Stockland,ASX,Real Estate,10.5,0.361,0.3707,-2.61,4.32,3.81,13.34,-15.95,5
2026-08-06,CRDA.L,Croda International,UK,Basic Materials,4.6,1.7907,1.7896,0.06,3304.0,2845.0,16.13,-16.07,13
2026-08-06,GDG.AX,Generation Development Group,ASX,Financial Services,1.7,0.1324,0.133,-0.44,4.13,3.57,15.69,-16.13,10
2026-08-06,FITB,Fifth Third Bancorp,US,Financial Services,52.2,4.8897,4.8692,0.42,57.6,49.32,16.79,-16.37,16
2026-08-06,CNR.TO,Canadian National Railway Company,CA,Industrials,108.1,8.9797,8.7737,2.35,178.71,150.52,18.73,-16.38,30
2026-08-06,WDS.AX,Woodside Energy Group,ASX,Energy,60.3,1.6709,1.8772,-10.99,31.72,30.05,5.56,-16.55,8
2026-08-06,WKL.AS,Wolters Kluwer,EU,Industrials,15.7,6.2429,6.2262,0.27,70.52,60.33,16.9,-16.63,13
2026-08-06,SGH.AX,SGH,ASX,Unclassified,18.9,2.5368,2.6151,-2.99,46.45,40.82,13.79,-16.78,12
2026-08-06,ATD.TO,Alimentation Couche-Tard Inc.,CA,Consumer Cyclical,84.0,3.6282,3.651,-0.63,91.56,78.81,16.18,-16.81,15
2026-08-06,EDV.AX,Endeavour Group,ASX,Consumer Defensive,6.3,0.2111,0.2324,-9.15,3.5,3.25,7.69,-16.84,13
2026-08-06,MRVL,Marvell Technology,US,Technology,189.4,6.2409,5.4246,15.05,211.02,159.97,31.91,-16.86,39
2026-08-06,MFC.TO,Manulife Financial Corporation,CA,Financial Services,104.0,4.9324,4.9603,-0.56,62.44,53.56,16.57,-17.13,15
2026-08-06,ISP.MI,Intesa Sanpaolo,EU,Financial Services,119.5,0.643,0.6174,4.15,6.82,5.62,21.33,-17.18,13
2026-08-06,LLY,Lilly (Eli),US,Healthcare,1043.2,45.0802,43.7624,3.01,1169.86,973.28,20.2,-17.19,24
2026-08-06,GMD.AX,Genesis Minerals,ASX,Basic Materials,7.9,0.6273,0.6906,-9.17,6.72,6.22,8.04,-17.21,8
2026-08-06,BNZL.L,Bunzl,UK,Consumer Defensive,9.1,1.8964,1.8528,2.35,2834.0,2369.47,19.6,-17.25,17
2026-08-06,IAG.AX,Insurance Australia Group,ASX,Financial Services,19.9,0.4812,0.4824,-0.24,8.53,7.28,17.17,-17.41,10
2026-08-06,VTR,Ventas,US,Real Estate,47.5,0.8167,0.9067,-9.93,92.53,86.05,7.54,-17.47,3
2026-08-06,TSCO,Tractor Supply,US,Consumer Cyclical,17.5,2.0457,2.309,-11.4,33.41,31.48,6.12,-17.52,14
2026-08-06,DAL,Delta Air Lines,US,Industrials,61.3,8.7914,7.9634,10.4,93.14,72.74,28.05,-17.65,8
2026-08-06,CCEP.L,Coca-Cola Europacific Partners,UK,Consumer Defensive,35.9,4.9148,4.9167,-0.04,8120.0,6904.16,17.61,-17.65,5
2026-08-06,CTAS,Cintas,US,Industrials,80.6,6.0941,6.0283,1.09,201.4,169.58,18.76,-17.67,13
2026-08-06,SEK.AX,Seek,ASX,Communication Services,5.5,0.6388,0.6936,-7.9,15.37,14.0,9.79,-17.69,14
2026-08-06,CCH.L,Coca-Cola HBC,UK,Consumer Defensive,18.4,3.2206,3.1912,0.92,5040.0,4248.8,18.62,-17.7,16
2026-08-06,SYY,Sysco,US,Consumer Defensive,40.3,4.9429,5.0135,-1.41,84.21,72.4,16.31,-17.72,14
2026-08-06,NXT.L,Next plc,UK,Consumer Cyclical,17.9,8.6588,8.5393,1.4,15721.42,13188.38,19.21,-17.81,17
2026-08-06,CHC.AX,Charter Hall,ASX,Real Estate,11.2,1.1526,1.1139,3.48,23.72,19.55,21.31,-17.83,11
2026-08-06,ZBH,Zimmer Biomet,US,Healthcare,19.0,9.0032,8.9932,0.11,98.16,83.15,18.05,-17.94,27
2026-08-06,WAF.AX,West African Resources,ASX,Basic Materials,3.8,0.7373,0.8495,-13.21,3.32,3.17,4.73,-17.94,3
2026-08-06,STO.AX,Santos,ASX,Energy,24.8,0.4888,0.5852,-16.49,7.63,7.52,1.46,-17.95,10
2026-08-06,ARES,Ares Management,US,Financial Services,46.1,7.1865,7.4332,-3.32,139.77,121.92,14.64,-17.96,15
2026-08-06,ORA.AX,Orora,ASX,Consumer Cyclical,1.9,0.1136,0.125,-9.11,1.52,1.4,8.93,-18.04,13
2026-08-06,MTB,M&T Bank,US,Financial Services,36.4,21.0678,20.8638,0.98,251.94,211.54,19.1,-18.12,15
2026-08-06,GRMN,Garmin,US,Technology,58.3,10.8725,10.1288,7.34,302.55,240.83,25.63,-18.29,8
2026-08-06,ITRK.L,Intertek,UK,Industrials,8.9,2.8756,2.8636,0.42,5830.21,4909.04,18.76,-18.34,12
2026-08-06,PNI.AX,Pinnacle Investment Management,ASX,Financial Services,4.6,1.0388,1.0383,0.04,19.25,16.26,18.39,-18.35,9
2026-08-06,A2M.AX,a2 Milk Company,ASX,Consumer Defensive,5.0,0.3189,0.3448,-7.52,6.96,6.28,10.84,-18.36,9
2026-08-06,WOW.AX,Woolworths Group,ASX,Consumer Defensive,49.1,1.4249,1.4071,1.27,40.21,33.6,19.67,-18.4,15
2026-08-06,URI,United Rentals,US,Industrials,72.3,56.4179,53.8007,4.86,1162.04,942.17,23.34,-18.48,21
2026-08-06,EVN.AX,Evolution Mining,ASX,Basic Materials,26.4,0.8878,1.0943,-18.87,13.0,13.05,-0.38,-18.49,14
2026-08-06,SUN.AX,Suncorp,ASX,Financial Services,20.6,1.1722,1.1977,-2.13,19.39,16.65,16.46,-18.59,10
2026-08-06,BXP,"BXP, Inc.",US,Real Estate,12.5,2.092,2.085,0.33,70.01,58.84,18.98,-18.65,4
2026-08-06,VEA.AX,Viva Energy,ASX,Energy,4.3,0.2341,0.2336,0.22,2.64,2.22,18.92,-18.7,9
2026-08-06,A,Agilent Technologies,US,Healthcare,39.9,6.6118,6.5821,0.45,141.11,118.42,19.16,-18.71,21
2026-08-06,RACE.MI,Ferrari,EU,Consumer Cyclical,62.6,11.0019,10.5486,4.3,356.1,289.5,23.01,-18.71,16
2026-08-06,AIR.PA,Airbus,EU,Industrials,170.7,8.6945,8.5981,1.12,215.65,179.88,19.89,-18.77,21
2026-08-06,INGA.AS,ING Group,EU,Financial Services,88.6,2.8937,2.7792,4.12,31.0,25.21,22.97,-18.85,16
2026-08-06,RY.TO,Royal Bank of Canada,CA,Financial Services,411.3,17.6256,17.3876,1.37,295.95,246.16,20.23,-18.86,13
2026-08-06,BARC.L,Barclays,UK,Financial Services,70.9,0.647,0.633,2.21,525.8,434.2,21.1,-18.89,14
2026-08-06,MNG.L,M&G,UK,Financial Services,8.7,0.3132,0.309,1.35,364.29,302.5,20.43,-19.08,7
2026-08-06,UCG.MI,UniCredit,EU,Financial Services,128.2,8.3252,8.1411,2.26,85.55,70.5,21.35,-19.09,13
2026-08-06,SAN.MC,Banco Santander,EU,Financial Services,184.4,1.2427,1.195,3.99,12.91,10.47,23.35,-19.36,19
2026-08-06,RVTY,Revvity,US,Healthcare,12.8,5.827,6.0046,-2.96,115.02,98.79,16.43,-19.39,13
2026-08-06,IP,International Paper,US,Consumer Cyclical,22.4,2.9398,2.6696,10.12,42.25,32.59,29.63,-19.51,12
2026-08-06,SAP.DE,SAP,EU,Technology,199.1,8.4005,8.553,-1.78,172.5,146.2,17.99,-19.77,22
2026-08-06,MRNA,Moderna,US,Healthcare,22.5,-4.9146,-4.727,-3.97,56.26,48.54,15.89,-19.86,18
2026-08-06,III.L,3i,UK,Financial Services,29.5,6.1958,6.6145,-6.33,2939.79,2589.46,13.53,-19.86,9
2026-08-06,LOV.AX,Lovisa,ASX,Consumer Cyclical,3.0,1.0424,1.0604,-1.69,26.9,22.76,18.19,-19.88,12
2026-08-06,JBH.AX,JB Hi-Fi,ASX,Consumer Cyclical,9.2,4.5358,4.7593,-4.7,84.59,73.29,15.42,-20.12,15
2026-08-06,ADM.L,Admiral Group,UK,Financial Services,11.5,2.5989,2.5755,0.91,3846.0,3177.0,21.06,-20.15,10
2026-08-06,LH,Labcorp,US,Healthcare,25.4,19.7545,19.4394,1.62,313.96,257.34,22.0,-20.38,18
2026-08-06,SOLV,Solventum,US,Healthcare,15.1,7.0895,6.9752,1.64,87.47,71.65,22.08,-20.44,15
2026-08-06,BLDR,Builders FirstSource,US,Industrials,8.2,4.5485,6.0593,-24.93,75.86,79.41,-4.47,-20.46,20
2026-08-06,GE,GE Aerospace,US,Industrials,395.5,9.7173,9.1981,5.65,381.22,302.25,26.13,-20.48,13
2026-08-06,S32.AX,South32,ASX,Basic Materials,21.7,0.2641,0.2738,-3.57,4.84,4.14,16.91,-20.48,9
2026-08-06,MG.TO,Magna International Inc.,CA,Consumer Cyclical,26.9,7.6629,7.6166,0.61,100.49,82.99,21.09,-20.48,19
2026-08-06,DGX,Quest Diagnostics,US,Healthcare,26.0,12.0577,11.6534,3.47,235.84,190.07,24.08,-20.61,16
2026-08-06,PRN.AX,Perenti,ASX,Basic Materials,2.2,0.2112,0.2166,-2.52,2.31,1.96,18.16,-20.68,5
2026-08-06,SHL.AX,Sonic Healthcare,ASX,Healthcare,11.0,1.2976,1.3449,-3.51,22.24,18.94,17.42,-20.93,14
2026-08-06,ALV.DE,Allianz,EU,Financial Services,166.9,32.7347,33.3395,-1.81,440.1,369.1,19.24,-21.05,8
2026-08-06,CLX,Clorox,US,Consumer Defensive,12.8,6.4445,6.8697,-6.19,105.84,92.11,14.91,-21.1,9
2026-08-06,BKNG,Booking Holdings,US,Consumer Cyclical,155.6,12.302,12.3129,-0.09,207.02,170.85,21.17,-21.26,32
2026-08-06,FPH.AX,Fisher & Paykel Healthcare,ASX,Healthcare,20.7,1.0852,1.0699,1.43,35.28,28.75,22.71,-21.28,8
2026-08-06,ABBV,AbbVie,US,Healthcare,435.1,16.363,16.2072,0.96,246.2,201.28,22.32,-21.36,16
2026-08-06,TMO,Thermo Fisher Scientific,US,Healthcare,213.7,27.5108,27.3593,0.55,577.83,473.98,21.91,-21.36,27
2026-08-06,GL,Globe Life,US,Financial Services,14.3,16.5182,16.6166,-0.59,183.86,152.17,20.82,-21.41,11
2026-08-06,DASH,DoorDash,US,Consumer Cyclical,90.3,4.4044,4.4249,-0.46,207.27,171.35,20.96,-21.42,38
2026-08-06,BMO.TO,Bank of Montreal,CA,Financial Services,177.4,16.3001,16.1349,1.02,253.29,206.85,22.45,-21.43,13
2026-08-06,LYV,Live Nation Entertainment,US,Communication Services,42.8,1.927,2.1631,-10.92,183.52,165.75,10.72,-21.64,17
2026-08-06,ALL,Allstate,US,Financial Services,68.1,26.5091,25.7932,2.78,264.59,212.55,24.48,-21.7,22
2026-08-06,LAND.L,Land Securities,UK,Real Estate,5.4,0.5576,0.5577,-0.02,720.5,591.3,21.85,-21.87,14
2026-08-06,ALLE,Allegion,US,Industrials,14.3,9.7161,9.5411,1.83,168.58,136.25,23.73,-21.9,11
2026-08-06,SAF.PA,Safran,EU,Industrials,149.2,12.9023,12.2642,5.2,360.1,283.12,27.19,-21.99,19
2026-08-06,SJM,J.M. Smucker Company (The),US,Consumer Defensive,12.7,8.896,8.9733,-0.86,119.21,98.35,21.21,-22.07,5
2026-08-06,SLF.TO,Sun Life Financial Inc.,CA,Financial Services,63.6,8.5432,8.5486,-0.06,114.72,93.89,22.19,-22.25,15
2026-08-06,ABT,Abbott Laboratories,US,Healthcare,182.9,6.0625,6.0648,-0.04,105.71,86.39,22.36,-22.4,25
2026-08-06,NWG.L,NatWest Group,UK,Financial Services,57.3,0.8457,0.8324,1.59,719.4,579.8,24.08,-22.49,12
2026-08-06,TRV,Travelers Companies (The),US,Financial Services,79.8,30.2164,28.5169,5.96,382.45,297.7,28.47,-22.51,27
2026-08-06,RTX,RTX Corporation,US,Industrials,299.6,7.8261,7.5495,3.66,222.31,176.05,26.28,-22.62,23
2026-08-06,MNST,Monster Beverage,US,Consumer Defensive,92.4,2.5809,2.5375,1.71,94.46,75.97,24.34,-22.63,12
2026-08-06,HRL,Hormel Foods,US,Consumer Defensive,13.9,1.5591,1.5551,0.26,25.23,20.5,23.05,-22.79,10
2026-08-06,RR.L,Rolls-Royce Holdings,UK,Industrials,129.7,0.4571,0.4319,5.84,1570.4,1219.8,28.74,-22.9,17
2026-08-06,COO,Cooper Companies (The),US,Healthcare,14.6,4.9962,5.0205,-0.48,74.84,61.11,22.47,-22.95,16
2026-08-06,UAL,United Airlines Holdings,US,Industrials,43.1,15.4639,14.0588,9.99,132.76,99.7,33.16,-23.17,23
2026-08-06,RHC.AX,Ramsay Health Care,ASX,Healthcare,10.2,1.6086,1.657,-2.92,44.32,36.83,20.34,-23.26,14
2026-08-06,COR,Cencora,US,Healthcare,61.7,19.8166,19.6062,1.07,317.22,255.07,24.36,-23.29,14
2026-08-06,FDS,FactSet,US,Financial Services,9.9,19.7009,19.4184,1.45,278.03,222.89,24.74,-23.29,18
2026-08-06,PRU,Prudential Financial,US,Financial Services,41.5,14.6002,14.7222,-0.83,120.16,98.1,22.48,-23.31,16
2026-08-06,QAN.AX,Qantas,ASX,Industrials,16.2,1.0634,1.0994,-3.28,10.69,8.9,20.11,-23.39,16
2026-08-06,MET,MetLife,US,Financial Services,61.9,10.9877,10.943,0.41,96.26,77.74,23.82,-23.41,17
2026-08-06,ABF.L,Associated British Foods,UK,Consumer Defensive,14.9,1.5813,1.6928,-6.59,2127.0,1819.8,16.88,-23.47,17
2026-08-06,AMCR,Amcor,US,Consumer Cyclical,22.1,4.2782,4.3622,-1.93,47.75,39.27,21.61,-23.54,13
2026-08-06,BRO,Brown & Brown,US,Financial Services,23.7,4.8225,4.8763,-1.1,70.95,57.88,22.58,-23.68,19
2026-08-06,SDLF.L,Standard Life,UK,Financial Services,9.3,0.7503,0.7611,-1.42,931.5,761.4,22.34,-23.76,7
2026-08-06,AUB.AX,AUB Group,ASX,Financial Services,3.9,1.9928,1.9982,-0.27,29.68,24.03,23.51,-23.78,10
2026-08-06,INCY,Incyte,US,Healthcare,24.3,8.8817,9.0107,-1.43,119.8,97.77,22.53,-23.96,18
2026-08-06,CDW,CDW Corporation,US,Technology,17.9,11.781,11.3384,3.9,140.1,109.55,27.89,-23.99,10
2026-08-06,CSL.AX,CSL,ASX,Healthcare,63.4,6.3578,7.3737,-13.78,132.36,119.88,10.41,-24.19,16
2026-08-06,MMM,3M,US,Industrials,93.9,9.7253,9.4524,2.89,182.08,143.01,27.32,-24.43,18
2026-08-06,AMGN,Amgen,US,Healthcare,220.6,23.4387,23.3617,0.33,407.83,326.62,24.86,-24.53,31
2026-08-06,AJG,Arthur J. Gallagher & Co.,US,Financial Services,64.3,14.8711,14.8595,0.08,251.03,201.27,24.72,-24.64,22
2026-08-06,WES.AX,Wesfarmers,ASX,Consumer Cyclical,103.3,2.7777,2.755,0.82,91.0,72.25,25.95,-25.13,14
2026-08-06,NOW,ServiceNow,US,Technology,121.2,5.0062,5.0027,0.07,117.22,93.59,25.25,-25.18,44
2026-08-06,BNP.PA,BNP Paribas,EU,Financial Services,123.8,13.1313,12.8965,1.82,112.94,88.91,27.02,-25.2,12
2026-08-06,CAH,Cardinal Health,US,Healthcare,56.0,12.0547,11.5864,4.04,239.23,184.88,29.4,-25.36,17
2026-08-06,VEEV,Veeva Systems,US,Healthcare,34.7,10.034,9.884,1.52,213.51,168.25,26.9,-25.38,27
2026-08-06,SOL.AX,Soul Patts,ASX,Financial Services,17.7,1.13,1.3835,-18.32,46.65,43.54,7.14,-25.46,1
2026-08-06,MKS.L,Marks & Spencer,UK,Consumer Cyclical,8.4,0.3527,0.3577,-1.4,410.51,330.77,24.11,-25.51,17
2026-08-06,GPN,Global Payments,US,Industrials,23.9,16.1237,16.1999,-0.47,87.48,69.86,25.22,-25.69,33
2026-08-06,LGEN.L,Legal & General,UK,Financial Services,16.8,0.255,0.2647,-3.64,307.14,251.45,22.15,-25.79,8
2026-08-06,PYPL,PayPal,US,Financial Services,49.6,5.7915,5.7942,-0.05,57.93,46.07,25.75,-25.8,42
2026-08-06,ADP,Automatic Data Processing,US,Technology,107.4,13.4007,13.2372,1.23,270.09,212.48,27.11,-25.88,17
2026-08-06,MTS.AX,Metcash,ASX,Consumer Defensive,3.4,0.2586,0.2826,-8.48,3.12,2.66,17.49,-25.97,12
2026-08-06,RRL.AX,Regis Resources,ASX,Basic Materials,5.3,1.0601,1.3791,-23.13,7.05,6.85,2.92,-26.05,9
2026-08-06,CSCO,Cisco,US,Technology,478.9,4.7908,4.5117,6.19,121.5,91.82,32.33,-26.14,25
2026-08-06,EMR.AX,Emerald Resources,ASX,Basic Materials,4.0,0.425,0.59,-27.97,5.99,6.1,-1.8,-26.17,2
2026-08-06,DBK.DE,Deutsche Bank,EU,Financial Services,62.0,3.8196,3.831,-0.3,33.01,26.21,25.93,-26.23,10
2026-08-06,CPAY,Corpay,US,Technology,25.8,30.5938,29.7645,2.79,394.53,305.75,29.04,-26.25,15
2026-08-06,REH.AX,Reece Group,ASX,Industrials,10.5,0.5331,0.5354,-0.42,17.0,13.51,25.83,-26.25,13
2026-08-06,BRG.AX,Breville Group,ASX,Consumer Cyclical,5.0,1.068,1.0909,-2.1,34.67,27.88,24.35,-26.45,14
2026-08-06,EXPE,Expedia Group,US,Consumer Cyclical,38.4,22.9639,22.904,0.26,319.66,252.25,26.72,-26.46,31
2026-08-06,COH.AX,Cochlear,ASX,Healthcare,8.2,5.1665,5.1969,-0.59,125.99,99.89,26.13,-26.72,15
2026-08-06,HSIC,Henry Schein,US,Healthcare,10.0,5.9045,5.8842,0.35,89.59,70.5,27.08,-26.73,17
2026-08-06,JD.L,JD Sports,UK,Consumer Cyclical,4.5,0.1262,0.1281,-1.45,94.2,75.07,25.48,-26.93,18
2026-08-06,GPC,Genuine Parts Company,US,Consumer Cyclical,18.1,8.3048,8.3731,-0.82,131.32,104.12,26.13,-26.95,9
2026-08-06,PAYX,Paychex,US,Technology,42.1,6.3845,6.2986,1.36,118.27,92.1,28.41,-27.05,16
2026-08-06,BGA.AX,Bega Cheese,ASX,Consumer Defensive,1.9,0.2566,0.2773,-7.47,6.14,5.12,19.92,-27.39,11
2026-08-06,AIZ,Assurant,US,Financial Services,14.9,22.5045,22.1084,1.79,301.57,233.0,29.43,-27.64,7
2026-08-06,MOS,Mosaic Company (The),US,Basic Materials,7.4,1.8159,2.4063,-24.54,23.41,22.68,3.22,-27.76,17
2026-08-06,SWK,Stanley Black & Decker,US,Industrials,15.6,6.3644,6.2302,2.15,103.27,79.35,30.14,-27.99,14
2026-08-06,BBVA.MC,BBVA,EU,Financial Services,136.3,2.2515,2.2083,1.96,24.7,18.92,30.52,-28.56,17
2026-08-06,WTW,Willis Towers Watson,US,Financial Services,31.4,22.8027,22.1738,2.84,338.07,257.13,31.48,-28.64,21
2026-08-06,WDAY,"Workday, Inc.",US,Technology,42.1,12.6439,12.4378,1.66,170.64,130.88,30.38,-28.72,41
2026-08-06,TTWO,Take-Two Interactive,US,Communication Services,43.9,5.4331,7.1482,-23.99,234.91,223.5,5.11,-29.1,15
2026-08-06,DLTR,Dollar Tree,US,Consumer Defensive,24.7,7.6825,7.3906,3.95,128.76,96.76,33.07,-29.12,28
2026-08-06,MGM,MGM Resorts,US,Consumer Cyclical,11.4,2.0423,2.3309,-12.38,44.51,38.11,16.79,-29.17,15
2026-08-06,SUL.AX,Super Retail Group,ASX,Consumer Cyclical,3.1,0.9587,1.0824,-11.43,13.69,11.6,18.02,-29.45,12
2026-08-06,AMC.AX,Amcor,ASX,Consumer Cyclical,31.5,4.2769,4.4284,-3.42,68.04,53.94,26.14,-29.56,13
2026-08-06,VAU.AX,Vault Minerals,ASX,Basic Materials,5.7,0.601,0.6834,-12.05,5.54,4.7,17.87,-29.92,7
2026-08-06,IQV,IQVIA,US,Healthcare,38.9,14.441,14.1322,2.18,236.05,178.64,32.14,-29.96,21
2026-08-06,CYL.AX,Catalyst Metals,ASX,Basic Materials,1.6,1.1327,1.3247,-14.49,6.3,5.45,15.6,-30.09,6
2026-08-06,RMS.AX,Ramelius Resources,ASX,Basic Materials,6.6,0.2197,0.3203,-31.42,3.48,3.52,-1.14,-30.28,8
2026-08-06,SDF.AX,Steadfast Group,ASX,Financial Services,5.9,0.3441,0.3455,-0.39,5.28,4.05,30.37,-30.76,6
2026-08-06,SHOP.TO,Shopify Inc.,CA,Technology,262.1,2.3287,2.2955,1.45,201.97,152.57,32.38,-30.93,40
2026-08-06,WGX.AX,Westgold Resources,ASX,Basic Materials,5.1,0.4874,0.7507,-35.08,5.44,5.6,-2.86,-32.22,6
2026-08-06,HPE,Hewlett Packard Enterprise,US,Technology,70.5,4.0118,2.722,47.38,53.22,29.61,79.72,-32.34,20
2026-08-06,NST.AX,Northern Star Resources,ASX,Basic Materials,31.6,1.5761,2.1888,-27.99,22.19,21.16,4.87,-32.86,13
2026-08-06,DXCM,Dexcom,US,Healthcare,31.2,3.1222,3.0397,2.72,82.66,60.91,35.71,-32.99,25
2026-08-06,ANN.AX,Ansell,ASX,Healthcare,4.9,1.5059,1.542,-2.34,34.57,26.42,30.85,-33.19,10
2026-08-06,BGL.AX,Bellevue Gold,ASX,Basic Materials,2.2,0.1241,0.2107,-41.12,1.46,1.58,-7.91,-33.21,5
2026-08-06,FBU.AX,Fletcher Building,ASX,Basic Materials,3.4,0.1523,0.1507,1.09,3.16,2.35,34.47,-33.38,13
2026-08-06,OBM.AX,Ora Banda Mining,ASX,Basic Materials,2.5,0.1077,0.169,-36.25,1.32,1.35,-2.59,-33.66,5
2026-08-06,SGRO.L,Segro,UK,Real Estate,13.0,0.403,0.4025,0.13,962.2,717.2,34.16,-34.03,11
2026-08-06,FLT.AX,Flight Centre Travel Group,ASX,Consumer Cyclical,2.8,1.1194,1.1986,-6.61,13.69,10.74,27.47,-34.08,11
2026-08-06,BAYN.DE,Bayer,EU,Healthcare,48.8,4.7005,4.7363,-0.76,49.63,36.98,34.21,-34.97,15
2026-08-06,WSM,"Williams-Sonoma, Inc.",US,Consumer Cyclical,29.2,10.2445,10.1663,0.77,248.24,182.81,35.79,-35.02,17
2026-08-06,GEN,Gen Digital,US,Technology,16.7,3.2868,3.1585,4.06,27.95,20.08,39.18,-35.12,11
2026-08-06,ANET,Arista Networks,US,Technology,248.4,4.4675,4.3245,3.31,197.31,141.75,39.2,-35.89,27
2026-08-06,HPQ,HP Inc.,US,Technology,26.1,3.0096,2.974,1.2,28.52,20.74,37.53,-36.33,16
2026-08-06,MFG.AX,Magellan Financial Group,ASX,Financial Services,3.1,0.6621,0.8188,-19.14,10.43,8.9,17.19,-36.33,5
2026-08-06,EVT.AX,EVT,ASX,Communication Services,2.3,0.4099,0.4708,-12.93,14.41,11.67,23.48,-36.41,5
2026-08-06,AMP.AX,AMP,ASX,Financial Services,5.6,0.1407,0.1221,15.17,2.31,1.52,51.97,-36.8,10
2026-08-06,NCLH,Norwegian Cruise Line Holdings,US,Consumer Cyclical,9.3,1.7704,2.1884,-19.1,20.3,17.22,17.89,-36.99,25
2026-08-06,CPU.AX,Computershare,ASX,Financial Services,25.0,1.536,1.4869,3.31,43.29,30.73,40.87,-37.56,11
2026-08-06,FTNT,Fortinet,US,Technology,120.4,3.751,3.3077,13.4,164.13,107.97,52.01,-38.61,43
2026-08-06,HUM,Humana,US,Healthcare,43.7,16.4821,15.2328,8.2,363.82,246.54,47.57,-39.37,26
2026-08-06,FM.TO,First Quantum Minerals Ltd.,CA,Basic Materials,35.6,1.9972,2.2578,-11.54,42.63,33.02,29.1,-40.64,19
2026-08-06,DDOG,Datadog,US,Technology,100.8,2.8847,2.6427,9.16,283.17,188.73,50.04,-40.88,46
2026-08-06,ALL.AX,Aristocrat Leisure,ASX,Consumer Cyclical,39.7,2.9044,2.8647,1.38,66.26,46.37,42.91,-41.53,16
2026-08-06,AXON,Axon Enterprise,US,Industrials,49.1,10.5163,10.4614,0.53,609.49,426.89,42.77,-42.24,20
2026-08-06,CRL,Charles River Laboratories,US,Healthcare,12.6,12.3755,12.4124,-0.3,260.72,181.68,43.51,-43.81,15
2026-08-06,PME.AX,Pro Medicus,ASX,Healthcare,18.6,1.7919,1.9155,-6.45,177.99,129.49,37.45,-43.9,11
2026-08-06,BTRW.L,Barratt Redrow,UK,Consumer Cyclical,4.5,0.2401,0.3083,-22.1,319.4,261.8,22.0,-44.1,18
2026-08-06,JHX.AX,James Hardie,ASX,Basic Materials,23.7,1.5062,1.5512,-2.9,40.82,28.67,42.38,-45.28,17
2026-08-06,DELL,Dell Technologies,US,Technology,299.0,19.4275,12.53,55.05,462.7,229.89,101.27,-46.22,8
2026-08-06,TLX.AX,Telix Pharmaceuticals,ASX,Healthcare,5.1,0.0698,0.1265,-44.85,15.04,14.75,1.97,-46.82,12
2026-08-06,TECH,Bio-Techne,US,Healthcare,11.2,2.0435,2.1618,-5.47,72.0,50.82,41.69,-47.16,13
2026-08-06,MTLN.L,Metlen Energy & Metals,UK,Utilities,7.6,5.1939,5.369,-3.26,53.45,35.42,50.9,-54.16,4
2026-08-06,BAX,Baxter International,US,Healthcare,14.1,2.0582,2.0152,2.13,27.33,17.48,56.34,-54.21,14
2026-08-06,ZBRA,Zebra Technologies,US,Technology,17.5,20.7148,20.0512,3.31,368.99,228.62,61.4,-58.09,17
2026-08-06,CPT,Camden Property Trust,US,Real Estate,11.1,0.615,1.2513,-50.85,111.91,103.13,8.52,-59.37,2
2026-08-06,NTAP,NetApp,US,Technology,36.6,9.8383,9.4098,4.55,186.6,112.66,65.63,-61.08,18
2026-08-06,CRWD,CrowdStrike,US,Technology,213.7,1.5627,1.5429,1.28,209.86,126.43,65.99,-64.71,51
2026-08-06,HON,Honeywell Technologies,US,Industrials,78.6,10.0136,23.0018,-56.47,248.12,225.37,10.1,-66.57,18
2026-08-06,PANW,Palo Alto Networks,US,Technology,295.6,1.9509,2.2978,-15.1,362.66,196.53,84.53,-99.63,16
2026-08-06,360.AX,Life360,ASX,Technology,7.0,0.9383,2.1141,-55.62,28.92,19.86,45.62,-101.24,6
2026-08-06,DOC,Healthpeak Properties,US,Real Estate,15.0,-0.15,0.2,-175.0,21.79,19.37,12.48,-187.48,1
2026-08-06,IFT.AX,Infratil,ASX,Industrials,12.6,-0.153,0.134,-214.18,12.61,12.31,2.47,-216.65,1
2026-08-07,FLEX,Flex Ltd.,US,Technology,45.3,7.1111,4.1137,72.86,122.65,142.17,-13.73,86.59,11
2026-08-07,PLS.AX,PLS Group,ASX,Basic Materials,14.7,0.3767,0.2602,44.75,4.57,6.26,-26.92,71.67,14
2026-08-07,SNDK,Sandisk,US,Technology,183.8,255.6271,169.2403,51.04,1258.58,1562.34,-19.44,70.48,11
2026-08-07,ALB,Albemarle Corporation,US,Basic Materials,14.8,12.4686,9.7936,27.31,125.42,203.0,-38.22,65.53,18
2026-08-07,INTC,Intel,US,Technology,503.4,2.0541,1.5159,35.51,99.81,124.92,-20.1,55.61,40
2026-08-07,MIN.AX,Mineral Resources,ASX,Basic Materials,12.7,4.4275,3.1078,42.46,63.88,69.55,-8.15,50.61,13
2026-08-07,CLS.TO,Celestica Inc.,CA,Technology,50.9,19.8408,15.0188,32.11,442.65,514.08,-13.89,46.0,19
2026-08-07,CIEN,Ciena,US,Technology,57.2,9.6382,8.4509,14.05,403.76,548.11,-26.34,40.39,19
2026-08-07,CIA.AX,Champion Iron,ASX,Basic Materials,2.0,0.4551,0.4204,8.24,3.53,4.99,-29.32,37.56,12
2026-08-07,MCHP,Microchip Technology,US,Technology,40.4,4.2027,3.7286,12.72,74.36,98.6,-24.58,37.3,22
2026-08-07,MU,Micron Technology,US,Technology,995.5,155.5631,100.9431,54.11,881.47,746.7,18.05,36.06,37
2026-08-07,STX,Seagate Technology,US,Technology,193.3,55.3714,39.1704,41.36,852.95,782.08,9.06,32.3,19
2026-08-07,SMR.AX,Stanmore Resources,ASX,Basic Materials,2.2,0.1761,0.13,35.49,2.42,2.34,3.42,32.07,3
2026-08-07,APP,AppLovin,US,Communication Services,112.8,21.1658,20.6715,2.39,335.67,468.55,-28.36,30.75,25
2026-08-07,MPWR,Monolithic Power Systems,US,Technology,66.8,34.795,30.1629,15.36,1359.08,1598.4,-14.97,30.33,14
2026-08-07,ON,ON Semiconductor,US,Technology,18.6,4.5158,4.2655,5.87,78.33,103.2,-24.1,29.97,30
2026-08-07,Q,Qnity Electronics,US,Technology,27.9,5.2456,4.388,19.55,133.37,147.26,-9.43,28.98,8
2026-08-07,ORCL,Oracle Corporation,US,Technology,413.3,10.8902,10.7148,1.64,143.47,195.27,-26.53,28.17,40
2026-08-07,GNRC,Generac,US,Industrials,12.5,11.7317,11.0388,6.28,211.18,269.41,-21.61,27.89,20
2026-08-07,SMCI,Supermicro,US,Technology,19.0,3.3116,2.9874,10.85,29.38,35.37,-16.94,27.79,19
2026-08-07,PWR,Quanta Services,US,Industrials,100.4,18.9993,16.2442,16.96,667.84,744.89,-10.34,27.3,25
2026-08-07,FIX,Comfort Systems USA,US,Industrials,60.3,60.0428,52.3865,14.61,1713.6,1951.61,-12.2,26.81,9
2026-08-07,PSKY,Paramount Skydance Corporation,US,Communication Services,10.2,0.9419,0.8687,8.43,9.06,11.04,-17.91,26.34,15
2026-08-07,EME,Emcor,US,Industrials,35.7,36.745,32.4289,13.31,808.43,921.16,-12.24,25.55,10
2026-08-07,ROL,"Rollins, Inc.",US,Consumer Cyclical,17.7,1.3121,1.3944,-5.9,36.83,53.65,-31.35,25.45,19
2026-08-07,WDC,Western Digital,US,Technology,155.6,29.3389,24.581,19.36,451.52,479.87,-5.91,25.27,11
2026-08-07,VRT,Vertiv,US,Industrials,105.9,9.085,8.6066,5.56,275.17,339.9,-19.04,24.6,28
2026-08-07,NXPI,NXP Semiconductors,US,Technology,58.4,18.0951,17.5761,2.95,231.78,293.75,-21.1,24.05,26
2026-08-07,ADI,Analog Devices,US,Technology,183.8,15.0624,13.1463,14.57,377.31,415.38,-9.17,23.74,28
2026-08-07,NIC.AX,Nickel Industries,ASX,Basic Materials,3.7,0.1396,0.1385,0.76,0.84,1.09,-22.75,23.51,3
2026-08-07,QCOM,Qualcomm,US,Technology,168.4,10.297,10.6278,-3.11,160.39,218.28,-26.52,23.41,34
2026-08-07,CVNA,Carvana,US,Consumer Cyclical,101.7,2.2339,2.0222,10.47,68.34,77.94,-12.32,22.79,14
2026-08-07,SNPS,Synopsys,US,Technology,77.7,17.2805,17.0495,1.36,405.98,516.48,-21.39,22.75,24
2026-08-07,GLW,Corning Inc.,US,Technology,135.4,4.3205,4.0423,6.88,157.18,186.65,-15.79,22.67,16
2026-08-07,ENR.DE,Siemens Energy,EU,Industrials,130.8,6.054,5.7052,6.11,150.86,180.68,-16.5,22.61,20
2026-08-07,RTO.L,Rentokil Initial,UK,Industrials,9.1,0.2312,0.2383,-2.96,369.1,494.8,-25.4,22.44,16
2026-08-07,CBOE,Cboe Global Markets,US,Financial Services,30.2,15.2486,14.5176,5.04,289.17,347.83,-16.86,21.9,12
2026-08-07,KEYS,Keysight Technologies,US,Technology,57.6,11.9198,10.3341,15.34,336.96,360.3,-6.48,21.82,12
2026-08-07,VLO,Valero Energy,US,Energy,87.2,27.7158,18.6534,48.58,302.99,239.0,26.78,21.8,19
2026-08-07,INTU,Intuit,US,Technology,88.1,27.3604,26.4827,3.31,321.91,394.56,-18.41,21.72,33
2026-08-07,IGO.AX,IGO,ASX,Basic Materials,5.6,0.6401,0.5832,9.76,7.45,8.34,-10.67,20.43,12
2026-08-07,TECK-B.TO,Teck Resources Limited,CA,Basic Materials,45.5,4.9918,3.9927,25.02,92.76,88.63,4.66,20.36,18
2026-08-07,HAL,Halliburton,US,Energy,27.1,2.9081,2.8534,1.92,32.51,39.66,-18.03,19.95,25
2026-08-07,HLMA.L,Halma plc,UK,Industrials,14.4,1.418,1.3911,1.94,3800.0,4623.81,-17.82,19.76,17
2026-08-07,ISRG,Intuitive Surgical,US,Healthcare,133.9,12.0708,11.7892,2.39,373.71,450.06,-16.96,19.35,27
2026-08-07,AAI.AX,Alcoa,ASX,Basic Materials,18.3,8.61,8.7778,-1.91,69.16,87.16,-20.65,18.74,2
2026-08-07,BG,Bunge Global,US,Consumer Defensive,20.9,11.2616,10.6109,6.13,109.0,124.19,-12.23,18.36,7
2026-08-07,APTV,Aptiv,US,Consumer Cyclical,9.6,6.5877,6.7258,-2.05,46.3,57.94,-20.09,18.04,17
2026-08-07,JBL,Jabil,US,Technology,36.1,16.7466,14.5657,14.97,344.67,355.07,-2.93,17.9,10
2026-08-07,IFX.DE,Infineon Technologies,EU,Technology,78.4,2.7334,2.302,18.74,60.08,59.5,0.97,17.77,23
2026-08-07,FRES.L,Fresnillo plc,UK,Basic Materials,20.2,2.9877,3.2493,-8.05,2747.0,3675.0,-25.25,17.2,12
2026-08-07,CCO.TO,Cameco Corporation,CA,Energy,57.2,2.6393,2.6594,-0.76,131.36,159.98,-17.89,17.13,21
2026-08-07,CHRW,C.H. Robinson,US,Industrials,17.1,7.4916,7.2774,2.94,146.66,170.81,-14.14,17.08,25
2026-08-07,PXA.AX,Pexa Group,ASX,Technology,1.4,0.3175,0.4082,-22.21,7.82,12.84,-39.14,16.93,8
2026-08-07,LRCX,Lam Research,US,Technology,382.6,11.5252,9.5483,20.7,305.77,293.84,4.06,16.64,26
2026-08-07,AMD,Advanced Micro Devices,US,Technology,798.7,13.9175,11.219,24.05,489.28,455.19,7.49,16.56,45
2026-08-07,TXN,Texas Instruments,US,Technology,254.2,10.0341,8.8421,13.48,278.4,286.33,-2.77,16.25,28
2026-08-07,SBAC,SBA Communications,US,Real Estate,19.4,8.2065,8.1717,0.43,182.6,216.86,-15.8,16.23,10
2026-08-07,FOXA,Fox Corporation (Class A),US,Communication Services,25.9,5.7594,5.0462,14.13,61.79,62.94,-1.83,15.96,13
2026-08-07,IMO.TO,Imperial Oil Limited,CA,Energy,85.6,11.9214,10.1149,17.86,177.04,172.84,2.43,15.43,9
2026-08-07,NFLX,Netflix,US,Communication Services,306.8,3.8133,3.8292,-0.42,73.69,87.49,-15.77,15.35,44
2026-08-07,TER,Teradyne,US,Technology,60.2,11.553,9.4562,22.17,384.89,359.63,7.02,15.15,18
2026-08-07,LII,Lennox International,US,Industrials,15.1,26.3286,26.626,-1.12,435.73,520.0,-16.21,15.09,17
2026-08-07,AAF.L,Airtel Africa,UK,Communication Services,12.1,0.3434,0.3287,4.47,327.0,364.77,-10.35,14.82,6
2026-08-07,CCI,Crown Castle,US,Real Estate,32.7,2.9065,2.9526,-1.56,74.92,89.53,-16.31,14.75,9
2026-08-07,CPRT,Copart,US,Industrials,26.9,1.6829,1.6799,0.18,29.01,33.94,-14.53,14.71,13
2026-08-07,AKAM,Akamai Technologies,US,Technology,17.2,7.2038,7.6022,-5.24,118.55,147.71,-19.74,14.5,25
2026-08-07,GOOG,Alphabet Inc. (Class C),US,Communication Services,4361.4,14.7344,14.1492,4.14,356.62,396.81,-10.13,14.27,51
2026-08-07,BKR,Baker Hughes,US,Energy,62.3,3.1644,2.8144,12.44,62.75,63.89,-1.78,14.22,11
2026-08-07,TTD,Trade Desk (The),US,Communication Services,8.3,2.1657,2.3895,-9.36,17.67,23.08,-23.44,14.08,20
2026-08-07,DVA,DaVita,US,Healthcare,11.5,17.2217,16.3986,5.02,180.67,198.65,-9.05,14.07,8
2026-08-07,WMT,Walmart,US,Consumer Defensive,891.9,3.2813,3.2822,-0.03,112.07,130.43,-14.08,14.05,39
2026-08-07,GOOGL,Alphabet Inc. (Class A),US,Communication Services,4375.3,14.7698,14.3363,3.02,357.75,400.56,-10.69,13.71,55
2026-08-07,CRH,CRH plc,US,Basic Materials,65.0,6.6996,6.7287,-0.43,97.66,113.35,-13.84,13.41,18
2026-08-07,NVDA,Nvidia,US,Technology,5304.2,12.8904,11.2281,14.8,218.99,214.95,1.88,12.92,50
2026-08-07,LTR.AX,Liontown Resources,ASX,Basic Materials,3.6,0.1145,0.1933,-40.73,1.14,2.45,-53.39,12.66,9
2026-08-07,STJ.L,St. James's Place,UK,Financial Services,5.7,1.048,1.0037,4.42,1135.44,1237.43,-8.24,12.66,13
2026-08-07,TYL,Tyler Technologies,US,Technology,12.5,15.3515,14.3597,6.91,306.33,324.58,-5.62,12.53,23
2026-08-07,EDV.L,Endeavour Mining,UK,Basic Materials,9.4,7.2044,7.94,-9.26,3842.0,4912.0,-21.78,12.52,8
2026-08-07,ASML.AS,ASML Holding,EU,Technology,573.8,51.0879,40.7666,25.32,1465.8,1298.44,12.89,12.43,34
2026-08-07,TSLA,"Tesla, Inc.",US,Consumer Cyclical,1262.0,2.2192,2.5503,-12.98,319.53,428.35,-25.4,12.42,33
2026-08-07,IGG.L,IG Group,UK,Financial Services,4.3,1.3603,1.3593,0.07,1350.0,1535.5,-12.08,12.15,5
2026-08-07,ALX.AX,Atlas Arteria,ASX,Industrials,7.2,0.3207,0.2769,15.8,4.96,4.78,3.77,12.03,3
2026-08-07,CEG,Constellation Energy,US,Utilities,93.2,13.3063,13.5864,-2.06,261.1,303.16,-13.87,11.81,21
2026-08-07,PRU.L,Prudential plc,UK,Financial Services,25.5,0.9877,0.9924,-0.48,1025.0,1168.0,-12.24,11.76,8
2026-08-07,NRG,NRG Energy,US,Utilities,25.0,11.2523,11.5083,-2.22,119.05,137.62,-13.49,11.27,11
2026-08-07,LITE,Lumentum,US,Technology,65.2,18.7345,18.0453,3.82,838.06,903.8,-7.27,11.09,24
2026-08-07,CNA.L,Centrica,UK,Utilities,7.0,0.1308,0.1498,-12.72,151.5,198.7,-23.75,11.03,13
2026-08-07,KR,Kroger,US,Consumer Defensive,35.1,5.5409,5.6242,-1.48,57.32,65.3,-12.22,10.74,22
2026-08-07,UBER,Uber,US,Technology,143.9,4.517,4.34,4.08,70.47,75.45,-6.6,10.68,37
2026-08-07,SU.TO,Suncor Energy Inc.,CA,Energy,101.6,7.7878,7.1167,9.43,86.04,87.0,-1.11,10.54,11
2026-08-07,TSN,Tyson Foods,US,Consumer Defensive,20.6,4.439,4.5917,-3.33,58.54,67.81,-13.67,10.34,11
2026-08-07,WSP.TO,WSP Global Inc.,CA,Industrials,26.0,13.1555,13.1915,-0.27,192.56,215.06,-10.46,10.19,13
2026-08-07,FMG.AX,Fortescue,ASX,Basic Materials,55.9,0.8786,0.9202,-4.53,18.15,21.27,-14.67,10.14,15
2026-08-07,ILU.AX,Iluka Resources,ASX,Basic Materials,3.1,-0.2862,-0.2769,-3.37,7.25,8.36,-13.28,9.91,7
2026-08-07,AVGO,Broadcom,US,Technology,2000.9,19.492,18.0803,7.81,420.57,429.32,-2.04,9.85,46
2026-08-07,ANTO.L,Antofagasta plc,UK,Basic Materials,39.2,2.0634,1.818,13.5,4050.0,3898.5,3.89,9.61,17
2026-08-07,KLAC,KLA Corporation,US,Technology,252.4,6.5493,5.793,13.06,193.22,186.68,3.5,9.56,23
2026-08-07,IBKR,Interactive Brokers,US,Financial Services,146.3,3.1854,2.8556,11.55,86.02,84.33,2.0,9.55,12
2026-08-07,COHR,Coherent Corp.,US,Technology,65.4,8.2903,7.5915,9.2,334.22,335.26,-0.31,9.51,23
2026-08-07,CDA.AX,Codan,ASX,Technology,7.6,1.0909,0.9637,13.19,41.85,40.34,3.74,9.45,9
2026-08-07,PODD,Insulet Corporation,US,Healthcare,9.7,8.0544,8.0712,-0.21,139.3,154.16,-9.64,9.43,23
2026-08-07,STZ,Constellation Brands,US,Consumer Defensive,22.6,12.3919,12.4643,-0.58,132.52,147.05,-9.88,9.3,23
2026-08-07,IRM,Iron Mountain,US,Real Estate,36.3,2.6754,2.5612,4.46,121.96,127.97,-4.69,9.15,6
2026-08-07,NEE,NextEra Energy,US,Utilities,176.5,4.4195,4.3892,0.69,84.6,92.42,-8.46,9.15,23
2026-08-07,TMUS,T-Mobile US,US,Communication Services,193.0,13.8955,13.5431,2.6,179.97,192.59,-6.55,9.15,21
2026-08-07,CAT,Caterpillar Inc.,US,Industrials,393.9,30.6325,29.3056,4.53,856.96,895.79,-4.33,8.86,27
2026-08-07,CASY,Casey's,US,Consumer Cyclical,30.8,23.5451,22.285,5.65,832.42,858.85,-3.08,8.73,17
2026-08-07,LVS,Las Vegas Sands,US,Consumer Cyclical,29.9,3.5334,3.6791,-3.96,46.11,52.77,-12.63,8.67,16
2026-08-07,MPC,Marathon Petroleum,US,Energy,84.0,27.836,21.2261,31.14,299.25,243.94,22.67,8.47,18
2026-08-07,LSEG.L,London Stock Exchange Group,UK,Financial Services,42.6,5.4558,5.356,1.86,8628.0,9234.0,-6.56,8.42,12
2026-08-07,CDNS,Cadence Design Systems,US,Technology,93.2,9.5371,9.3807,1.67,338.42,362.7,-6.69,8.36,24
2026-08-07,HAS,Hasbro,US,Consumer Cyclical,12.9,6.521,6.3383,2.88,91.69,96.99,-5.46,8.34,15
2026-08-07,AZN.L,AstraZeneca,UK,Healthcare,183.8,11.4382,11.6278,-1.63,12035.21,13308.91,-9.57,7.94,22
2026-08-07,ADM,Archer Daniels Midland,US,Consumer Defensive,37.4,5.4666,5.0504,8.24,77.51,77.15,0.46,7.78,11
2026-08-07,AD.AS,Ahold Delhaize,EU,Consumer Defensive,29.9,2.9599,2.9854,-0.86,34.44,37.67,-8.57,7.71,17
2026-08-07,NG.L,National Grid plc,UK,Utilities,60.1,0.9698,0.9615,0.86,1187.5,1273.68,-6.77,7.63,15
2026-08-07,PEP,PepsiCo,US,Consumer Defensive,189.1,8.9784,9.153,-1.91,138.44,153.01,-9.52,7.61,23
2026-08-07,RHM.DE,Rheinmetall,EU,Industrials,54.1,53.7956,54.9479,-2.1,1200.6,1328.32,-9.62,7.52,19
2026-08-07,RMS.PA,Hermès,EU,Consumer Cyclical,170.3,51.1675,52.0597,-1.71,1546.0,1702.0,-9.17,7.46,21
2026-08-07,CTVA,Corteva,US,Basic Materials,51.3,3.405,3.326,2.38,76.86,80.94,-5.04,7.42,4
2026-08-07,NI,NiSource,US,Utilities,20.8,2.2535,2.2337,0.89,43.38,46.41,-6.53,7.42,16
2026-08-07,CARR,Carrier Global,US,Industrials,52.7,3.3037,3.1961,3.37,63.96,66.59,-3.95,7.32,24
2026-08-07,SRE,Sempra,US,Utilities,55.1,5.5369,5.533,0.07,84.35,90.88,-7.19,7.26,17
2026-08-07,SVT.L,Severn Trent,UK,Utilities,9.4,2.5171,2.3838,5.59,3082.0,3132.24,-1.6,7.19,13
2026-08-07,QSR.TO,Restaurant Brands International Inc.,CA,Consumer Cyclical,46.9,6.1558,6.0332,2.03,102.31,107.87,-5.15,7.18,25
2026-08-07,PLD,Prologis,US,Real Estate,132.9,3.4367,3.295,4.3,139.14,143.05,-2.73,7.03,3
2026-08-07,CSGP,CoStar Group,US,Real Estate,12.0,1.7253,1.7745,-2.77,29.58,32.77,-9.73,6.96,20
2026-08-07,XRO.AX,Xero,ASX,Technology,13.4,2.3775,2.4205,-1.78,76.36,83.56,-8.62,6.84,12
2026-08-07,TOU.TO,Tourmaline Oil Corp.,CA,Energy,23.1,5.035,5.0895,-1.07,59.56,64.65,-7.88,6.81,4
2026-08-07,CVE.TO,Cenovus Energy Inc.,CA,Energy,73.1,3.628,3.3231,9.18,39.61,38.62,2.55,6.63,7
2026-08-07,ASB.AX,Austal,ASX,Industrials,1.6,0.2204,0.2223,-0.86,3.84,4.15,-7.47,6.61,5
2026-08-07,COST,Costco,US,Consumer Defensive,420.9,22.6925,22.5064,0.83,949.15,1007.19,-5.76,6.59,34
2026-08-07,GLEN.L,Glencore,UK,Basic Materials,66.4,0.5961,0.5516,8.07,573.3,564.4,1.58,6.49,18
2026-08-07,GEV,GE Vernova,US,Industrials,266.4,24.8507,24.2161,2.62,1000.3,1039.62,-3.78,6.4,28
2026-08-07,FICO,Fair Isaac,US,Technology,22.3,53.1303,54.2068,-1.99,1031.89,1126.0,-8.36,6.37,21
2026-08-07,SSE.L,SSE plc,UK,Utilities,28.7,2.0978,2.0791,0.9,2342.0,2477.29,-5.46,6.36,15
2026-08-07,ETR,Entergy,US,Utilities,49.7,5.0956,5.0156,1.59,106.49,111.59,-4.57,6.16,22
2026-08-07,ATO,Atmos Energy,US,Utilities,29.1,9.0196,8.8656,1.74,171.98,179.85,-4.38,6.12,14
2026-08-07,DOW,Dow Inc.,US,Basic Materials,21.9,1.8442,2.069,-10.87,30.3,36.5,-16.98,6.11,17
2026-08-07,PTC,PTC Inc.,US,Technology,16.0,8.8882,8.3279,6.73,147.66,146.65,0.69,6.04,20
2026-08-07,CME,CME Group,US,Financial Services,95.0,12.9303,12.8685,0.48,264.32,279.8,-5.53,6.01,15
2026-08-07,AMZN,Amazon,US,Consumer Cyclical,2936.7,10.42,9.8619,5.66,272.26,272.68,-0.15,5.81,53
2026-08-07,VICI,Vici Properties,US,Real Estate,29.2,2.93,2.95,-0.68,26.54,28.36,-6.43,5.75,1
2026-08-07,CMI,Cummins,US,Industrials,88.7,32.331,32.1167,0.67,643.98,677.42,-4.94,5.61,11
2026-08-07,TLS.AX,Telstra,ASX,Communication Services,55.4,0.2173,0.2199,-1.18,4.97,5.31,-6.4,5.22,11
2026-08-07,T,AT&T,US,Communication Services,162.5,2.5637,2.5551,0.34,23.71,24.83,-4.5,4.84,24
2026-08-07,DPLM.L,Diploma,UK,Industrials,10.3,2.6152,2.3264,12.41,7675.0,7134.8,7.57,4.84,16
2026-08-07,AAL.L,Anglo American plc,UK,Basic Materials,42.6,2.3807,2.1749,9.46,4021.0,3839.0,4.74,4.72,11
2026-08-07,TRMB,Trimble Inc.,US,Technology,13.6,4.0798,4.0432,0.9,58.55,60.8,-3.7,4.6,13
2026-08-07,MLM,Martin Marietta Materials,US,Basic Materials,32.3,22.0943,23.0588,-4.18,538.28,589.54,-8.69,4.51,21
2026-08-07,DOV,Dover Corporation,US,Industrials,28.4,11.6327,11.5679,0.56,210.84,219.29,-3.85,4.41,18
2026-08-07,LYC.AX,Lynas Rare Earths,ASX,Basic Materials,16.5,0.5979,0.674,-11.29,16.4,19.44,-15.66,4.37,13
2026-08-07,DRR.AX,Deterra Royalties,ASX,Basic Materials,2.3,0.2761,0.2677,3.15,4.34,4.38,-1.03,4.18,9
2026-08-07,ROK,Rockwell Automation,US,Industrials,49.2,14.6602,14.4128,1.72,441.8,452.49,-2.36,4.08,27
2026-08-07,DIS,Walt Disney Company (The),US,Communication Services,180.7,7.4576,7.3313,1.72,104.68,107.2,-2.35,4.07,28
2026-08-07,DD,DuPont,US,Basic Materials,19.5,7.8883,7.8214,0.85,144.05,148.69,-3.12,3.97,17
2026-08-07,AMT,American Tower,US,Real Estate,79.8,7.001,6.8728,1.87,171.2,174.86,-2.09,3.96,10
2026-08-07,APO,Apollo Global Management,US,Financial Services,73.7,10.6685,10.6261,0.4,127.99,132.64,-3.51,3.91,21
2026-08-07,CSC.AX,Capstone Copper,ASX,Basic Materials,11.6,1.3931,1.0978,26.89,15.22,12.37,23.04,3.85,8
2026-08-07,H.TO,Hydro One Limited,CA,Utilities,33.9,2.3866,2.376,0.45,56.42,58.39,-3.38,3.83,12
2026-08-07,REA.AX,REA Group,ASX,Communication Services,22.7,6.5355,6.4187,1.82,173.53,176.89,-1.9,3.72,14
2026-08-07,ICE,Intercontinental Exchange,US,Financial Services,84.1,8.7918,8.7791,0.14,149.75,155.24,-3.54,3.68,14
2026-08-07,CI,Cigna,US,Healthcare,72.7,33.4724,33.547,-0.22,275.25,286.4,-3.89,3.67,24
2026-08-07,ZTS,Zoetis,US,Healthcare,32.4,7.3902,7.5736,-2.42,77.27,82.26,-6.06,3.64,18
2026-08-07,RIO.L,Rio Tinto,UK,Basic Materials,121.3,8.292,8.2892,0.03,7511.0,7790.06,-3.58,3.61,21
2026-08-07,BT-A.L,BT Group,UK,Communication Services,19.7,0.1877,0.1991,-5.7,201.14,221.54,-9.21,3.51,14
2026-08-07,BP.L,BP,UK,Energy,80.3,0.6859,0.691,-0.73,514.9,537.44,-4.19,3.46,21
2026-08-07,AEP,American Electric Power,US,Utilities,68.2,6.8584,6.8862,-0.4,125.26,130.16,-3.76,3.36,20
2026-08-07,BPT.AX,Beach Energy,ASX,Energy,2.0,0.1629,0.1924,-15.31,0.88,1.08,-18.6,3.29,12
2026-08-07,RIO.AX,Rio Tinto,ASX,Basic Materials,287.5,8.7349,8.5378,2.31,176.96,178.72,-0.98,3.29,13
2026-08-07,GAW.L,Games Workshop,UK,Consumer Cyclical,6.3,6.5708,6.5789,-0.12,19010.0,19664.18,-3.33,3.21,4
2026-08-07,KMI,Kinder Morgan,US,Energy,69.7,1.5388,1.4844,3.66,31.28,31.12,0.52,3.14,16
2026-08-07,WHC.AX,Whitehaven Coal,ASX,Energy,6.1,0.6138,0.6322,-2.91,7.41,7.89,-6.02,3.11,11
2026-08-07,VTRS,Viatris,US,Healthcare,19.0,2.6266,2.662,-1.33,16.29,17.04,-4.43,3.1,9
2026-08-07,VST,Vistra Corp.,US,Utilities,47.7,10.9852,11.1072,-1.1,141.38,147.51,-4.16,3.06,9
2026-08-07,BMW.DE,BMW,EU,Consumer Cyclical,35.0,9.4426,11.962,-21.06,59.1,77.87,-24.1,3.04,17
2026-08-07,JBHT,J.B. Hunt,US,Industrials,25.1,10.1154,9.0394,11.9,267.25,245.4,8.9,3.0,23
2026-08-07,SBUX,Starbucks,US,Consumer Cyclical,119.9,3.1101,2.9971,3.77,105.16,104.32,0.81,2.96,32
2026-08-07,MSCI,MSCI Inc.,US,Financial Services,41.2,22.4968,22.4627,0.15,567.23,583.31,-2.76,2.91,18
2026-08-07,CNC,Centene Corporation,US,Healthcare,31.7,5.2464,4.4611,17.6,64.2,55.96,14.72,2.88,21
2026-08-07,HCA,HCA Healthcare,US,Healthcare,88.5,32.1587,33.1453,-2.98,408.89,434.32,-5.86,2.88,22
2026-08-07,PPL,PPL Corporation,US,Utilities,26.0,2.1169,2.1159,0.05,34.62,35.62,-2.82,2.87,16
2026-08-07,LOW,Lowe's,US,Consumer Cyclical,122.5,13.459,13.6412,-1.34,218.4,227.79,-4.12,2.78,33
2026-08-07,BXB.AX,Brambles,ASX,Industrials,27.1,0.7484,0.8052,-7.06,20.26,22.45,-9.76,2.7,12
2026-08-07,IMD.AX,IMDEX,ASX,Industrials,2.0,0.1438,0.146,-1.51,3.87,4.04,-4.21,2.7,8
2026-08-07,ACN,Accenture,US,Technology,104.7,14.6834,14.8843,-1.35,171.11,178.28,-4.02,2.67,28
2026-08-07,GS,Goldman Sachs,US,Financial Services,300.7,74.1699,65.3973,13.41,1032.58,932.37,10.75,2.66,22
2026-08-07,CVX,Chevron Corporation,US,Energy,371.3,12.9349,12.0056,7.74,189.23,179.97,5.14,2.6,24
2026-08-07,VRSN,Verisign,US,Technology,26.4,10.7571,10.3108,4.33,292.53,287.45,1.77,2.56,4
2026-08-07,LNT,Alliant Energy,US,Utilities,18.0,3.6856,3.6792,0.17,69.52,71.22,-2.38,2.55,14
2026-08-07,XEL,Xcel Energy,US,Utilities,48.1,4.538,4.5295,0.19,76.97,78.8,-2.32,2.51,19
2026-08-07,TXT,Textron,US,Industrials,15.1,7.2299,7.2974,-0.93,87.89,90.99,-3.41,2.48,17
2026-08-07,CNU.AX,Chorus,ASX,Communication Services,3.4,0.1773,0.1813,-2.21,7.95,8.34,-4.68,2.47,3
2026-08-07,WEC,WEC Energy Group,US,Utilities,35.2,6.0115,6.0137,-0.04,107.97,110.71,-2.48,2.44,9
2026-08-07,NEM,Newmont,US,Basic Materials,111.1,10.5506,11.3375,-6.94,105.43,116.24,-9.3,2.36,15
2026-08-07,K.TO,Kinross Gold Corporation,CA,Basic Materials,42.6,3.024,3.527,-14.26,35.93,43.07,-16.58,2.32,16
2026-08-07,CNP,CenterPoint Energy,US,Utilities,26.8,2.089,2.0825,0.31,40.67,41.49,-1.98,2.29,18
2026-08-07,SPK.AX,Spark New Zealand,ASX,Communication Services,3.1,0.1138,0.1185,-3.99,1.62,1.73,-6.07,2.08,7
2026-08-07,WOR.AX,Worley,ASX,Energy,5.5,0.8905,0.9695,-8.15,10.91,12.15,-10.21,2.06,10
2026-08-07,EQR,Equity Residential,US,Real Estate,25.8,1.5667,1.4939,4.87,66.7,64.87,2.83,2.04,6
2026-08-07,FISV,Fiserv,US,Unclassified,28.9,8.9279,8.9692,-0.46,54.11,55.48,-2.47,2.01,36
2026-08-07,EL,Estée Lauder Companies (The),US,Consumer Defensive,30.9,3.1922,3.1446,1.51,85.49,85.87,-0.44,1.95,29
2026-08-07,ADSK,Autodesk,US,Technology,51.2,14.2583,14.1038,1.1,242.47,244.5,-0.83,1.93,34
2026-08-07,HUBB,Hubbell Incorporated,US,Industrials,26.8,22.8712,21.7232,5.28,507.73,491.1,3.39,1.89,10
2026-08-07,ARE,Alexandria Real Estate Equities,US,Real Estate,8.3,-0.81,-0.88,7.95,48.48,45.66,6.17,1.78,1
2026-08-07,CMS,CMS Energy,US,Utilities,22.3,4.1569,4.1737,-0.4,71.2,72.61,-1.94,1.54,16
2026-08-07,OXY,Occidental Petroleum,US,Energy,56.0,3.9089,3.6296,7.69,56.04,52.79,6.16,1.53,22
2026-08-07,LHX,L3Harris,US,Industrials,53.9,13.4242,13.6249,-1.47,289.53,298.43,-2.98,1.51,8
2026-08-07,PEG,Public Service Enterprise Group,US,Utilities,37.4,4.6818,4.6982,-0.35,75.04,76.47,-1.86,1.51,21
2026-08-07,SPX.L,Spirax Group,UK,Industrials,5.4,3.5798,3.5795,0.01,7345.0,7456.0,-1.49,1.5,17
2026-08-07,APA.AX,APA Group,ASX,Utilities,13.1,0.2316,0.2306,0.43,9.93,10.03,-0.97,1.4,7
2026-08-07,CBRE,CBRE Group,US,Real Estate,42.7,9.0568,8.865,2.16,147.45,146.33,0.77,1.39,12
2026-08-07,ADBE,Adobe Inc.,US,Technology,103.4,27.4869,26.3815,4.19,260.24,253.04,2.85,1.34,34
2026-08-07,ALGN,Align Technology,US,Healthcare,12.0,12.5486,12.3711,1.43,169.08,168.78,0.18,1.25,17
2026-08-07,UNH,UnitedHealth Group,US,Healthcare,366.9,22.4354,20.7537,8.1,403.97,377.82,6.92,1.18,27
2026-08-07,EIX,Edison International,US,Utilities,25.9,6.5016,6.5134,-0.18,67.23,68.14,-1.34,1.16,14
2026-08-07,PDN.AX,Paladin Energy,ASX,Energy,4.6,0.169,0.2023,-16.45,10.29,12.49,-17.61,1.16,10
2026-08-07,WTC.AX,Wisetech Global,ASX,Technology,13.8,1.0185,1.0414,-2.2,40.9,42.27,-3.24,1.04,14
2026-08-07,TPL,Texas Pacific Land Corporation,US,Energy,24.5,9.6885,10.604,-8.63,355.64,393.6,-9.64,1.01,2
2026-08-07,BLK,BlackRock,US,Financial Services,183.6,64.1122,60.6581,5.69,1129.3,1078.75,4.69,1.0,17
2026-08-07,COP,ConocoPhillips,US,Energy,140.3,9.0902,8.717,4.28,116.76,113.03,3.3,0.98,19
2026-08-07,META,Meta Platforms,US,Communication Services,1502.8,33.948,34.7063,-2.18,589.9,609.07,-3.15,0.97,52
2026-08-07,GIL.TO,Gildan Activewear Inc.,CA,Consumer Cyclical,15.1,5.5037,5.3941,2.03,81.6,80.73,1.08,0.95,13
2026-08-07,LIN,Linde plc,US,Basic Materials,225.9,18.4028,18.2879,0.63,490.11,491.61,-0.3,0.93,11
2026-08-07,CRM,Salesforce,US,Technology,153.0,15.5123,14.9332,3.88,186.77,181.35,2.99,0.89,53
2026-08-07,NWS,News Corp (Class B),US,Communication Services,18.3,1.4735,1.3512,9.05,33.87,31.31,8.18,0.87,4
2026-08-07,PSX,Phillips 66,US,Energy,82.4,18.9782,15.6249,21.46,205.52,170.32,20.66,0.8,20
2026-08-07,HWM,Howmet Aerospace,US,Industrials,115.9,6.0556,5.6163,7.82,289.72,270.56,7.08,0.74,20
2026-08-07,SLB,Schlumberger,US,Energy,76.5,3.259,3.3258,-2.01,51.54,52.99,-2.74,0.73,26
2026-08-07,LYB,LyondellBasell,US,Basic Materials,19.8,6.4467,7.3911,-12.78,61.44,71.02,-13.49,0.71,16
2026-08-07,BCE.TO,BCE Inc.,CA,Communication Services,29.7,2.674,2.7226,-1.78,31.87,32.67,-2.44,0.66,17
2026-08-07,HSY,Hershey Company (The),US,Consumer Defensive,36.8,9.8713,9.8992,-0.28,183.02,184.52,-0.81,0.53,22
2026-08-07,TTE.PA,TotalEnergies,EU,Energy,165.4,9.5947,9.6152,-0.21,73.8,74.34,-0.73,0.52,21
2026-08-07,ORLY,O’Reilly Automotive,US,Consumer Cyclical,76.2,3.6494,3.6158,0.93,93.37,92.96,0.44,0.49,22
2026-08-07,FTV,Fortive,US,Technology,18.4,3.2445,3.2035,1.28,60.87,60.37,0.83,0.45,15
2026-08-07,STLD,Steel Dynamics,US,Basic Materials,37.5,18.8648,16.8613,11.88,261.48,234.57,11.47,0.41,12
2026-08-07,IMB.L,Imperial Brands,UK,Consumer Defensive,21.1,3.6678,3.6882,-0.55,2747.0,2770.82,-0.86,0.31,12
2026-08-07,VMC,Vulcan Materials Company,US,Basic Materials,36.5,10.7927,10.8223,-0.27,281.63,283.16,-0.54,0.27,20
2026-08-07,EQIX,Equinix,US,Real Estate,103.9,18.6271,18.8257,-1.05,1052.86,1066.8,-1.31,0.26,7
2026-08-07,GDDY,GoDaddy,US,Technology,11.4,8.9369,8.9815,-0.5,90.35,91.02,-0.74,0.24,14
2026-08-07,WPM.TO,Wheaton Precious Metals Corp.,CA,Basic Materials,79.8,5.3182,5.7231,-7.08,175.79,189.66,-7.31,0.23,16
2026-08-07,ENB.TO,Enbridge Inc.,CA,Energy,158.1,3.224,3.2204,0.11,72.4,72.41,-0.01,0.12,18
2026-08-07,ABX.TO,Barrick Mining Corporation,CA,Basic Materials,97.3,4.4379,4.4911,-1.18,58.08,58.8,-1.23,0.05,20
2026-08-07,NUE,Nucor,US,Basic Materials,61.9,18.826,15.7056,19.87,272.0,226.94,19.85,0.02,13
2026-08-07,BA,Boeing,US,Industrials,183.5,4.1714,4.2642,-2.17,232.19,237.36,-2.18,0.01,22
2026-08-07,AEE,Ameren,US,Utilities,30.0,5.8355,5.84,-0.08,108.27,108.31,-0.03,-0.05,7
2026-08-07,BSX,Boston Scientific,US,Healthcare,71.4,3.4385,3.764,-8.65,49.3,53.93,-8.59,-0.06,27
2026-08-07,EQT,EQT Corporation,US,Energy,32.3,4.373,4.7306,-7.56,51.6,55.79,-7.5,-0.06,11
2026-08-07,GWW,W. W. Grainger,US,Industrials,60.4,50.5547,48.5582,4.11,1282.58,1231.22,4.17,-0.06,19
2026-08-07,XYZ,"Block, Inc.",US,Technology,47.5,5.0672,4.8065,5.42,79.02,74.85,5.57,-0.15,40
2026-08-07,SN.L,Smith & Nephew,UK,Healthcare,9.2,1.2386,1.247,-0.68,1108.5,1114.0,-0.49,-0.19,15
2026-08-07,ODFL,Old Dominion,US,Industrials,44.0,6.5808,6.1773,6.53,211.41,198.08,6.73,-0.2,19
2026-08-07,CNQ.TO,Canadian Natural Resources Limited,CA,Energy,133.1,5.2105,4.9287,5.72,63.83,60.25,5.95,-0.23,11
2026-08-07,GILD,Gilead Sciences,US,Healthcare,162.5,9.6185,9.6168,0.02,130.86,130.47,0.3,-0.28,26
2026-08-07,MND.AX,Monadelphous Group,ASX,Industrials,3.0,1.2537,1.2413,1.0,30.14,29.75,1.31,-0.31,14
2026-08-07,TT,Trane Technologies,US,Industrials,105.3,17.4399,17.0083,2.54,478.66,465.11,2.91,-0.37,24
2026-08-07,FANG,Diamondback Energy,US,Energy,53.1,17.4427,17.3313,0.64,189.63,187.67,1.05,-0.41,24
2026-08-07,SAN.PA,Sanofi,EU,Healthcare,89.0,9.0632,9.0095,0.6,74.5,73.74,1.03,-0.43,20
2026-08-07,BIP-UN.TO,Brookfield Infrastructure Partners L.P.,CA,Utilities,43.3,1.4852,1.3613,9.1,54.7,49.92,9.58,-0.48,3
2026-08-07,FCX,Freeport-McMoRan,US,Basic Materials,95.5,4.0877,3.7038,10.36,68.18,61.5,10.86,-0.5,17
2026-08-07,HII,Huntington Ingalls Industries,US,Industrials,12.7,20.6256,20.2889,1.66,321.76,314.92,2.17,-0.51,11
2026-08-07,RCI-B.TO,Rogers Communications Inc.,CA,Communication Services,26.2,4.8591,5.0463,-3.71,48.49,50.07,-3.16,-0.55,17
2026-08-07,REG,Regency Centers,US,Real Estate,14.4,2.5571,2.5687,-0.45,76.96,76.86,0.12,-0.57,10
2026-08-07,ADYEN.AS,Adyen,EU,Technology,29.4,46.556,47.0782,-1.11,943.8,948.9,-0.54,-0.57,15
2026-08-07,RSG.AX,Resolute Mining,ASX,Basic Materials,2.3,0.1789,0.2194,-18.44,1.06,1.29,-17.83,-0.61,4
2026-08-07,DUK,Duke Energy,US,Utilities,96.6,7.1669,7.1676,-0.01,123.9,123.11,0.64,-0.65,22
2026-08-07,NXT.AX,NextDC,ASX,Technology,10.8,-0.4039,-0.3867,-4.44,14.23,14.79,-3.79,-0.65,12
2026-08-07,GGP.AX,Greatland Resources,ASX,Basic Materials,7.9,0.8947,1.1444,-21.82,11.75,14.9,-21.14,-0.68,10
2026-08-07,TRP.TO,TC Energy Corporation,CA,Energy,93.3,3.9213,3.8705,1.31,89.56,87.81,1.99,-0.68,20
2026-08-07,MO,Altria,US,Consumer Defensive,113.1,5.8725,5.8579,0.25,67.75,67.12,0.94,-0.69,13
2026-08-07,APD,Air Products,US,Basic Materials,66.8,14.4429,14.2353,1.46,299.92,293.59,2.16,-0.7,21
2026-08-07,TCL.AX,Transurban,ASX,Industrials,45.3,0.2375,0.2319,2.39,14.53,14.09,3.11,-0.72,6
2026-08-07,NWSA,News Corp (Class A),US,Communication Services,16.0,1.4735,1.3512,9.05,29.67,27.02,9.81,-0.76,4
2026-08-07,APA,APA Corporation,US,Energy,12.9,4.1244,4.018,2.65,36.53,35.31,3.45,-0.8,22
2026-08-07,FIS,Fidelity National Information Services,US,Technology,22.1,6.7948,6.8855,-1.32,42.81,43.0,-0.44,-0.88,26
2026-08-07,AEM.TO,Agnico Eagle Mines Limited,CA,Basic Materials,119.2,12.4787,14.1695,-11.93,235.39,264.48,-11.0,-0.93,16
2026-08-07,MAR,Marriott International,US,Consumer Cyclical,93.8,13.1392,12.9975,1.09,359.67,352.48,2.04,-0.95,26
2026-08-07,VZ,Verizon,US,Communication Services,195.2,5.2805,5.2738,0.13,46.99,46.43,1.21,-1.08,25
2026-08-07,NWH.AX,NRW Holdings,ASX,Industrials,3.3,0.4214,0.417,1.04,7.18,7.03,2.13,-1.09,10
2026-08-07,BATS.L,British American Tobacco,UK,Consumer Defensive,94.4,3.8827,3.8402,1.11,4378.0,4282.43,2.23,-1.12,14
2026-08-07,YUM,Yum! Brands,US,Consumer Cyclical,41.6,7.4615,7.4968,-0.47,152.28,151.21,0.71,-1.18,18
2026-08-07,BSL.AX,BlueScope,ASX,Basic Materials,15.3,2.3713,2.0607,15.07,35.03,30.13,16.25,-1.18,13
2026-08-07,EMA.TO,Emera Incorporated,CA,Utilities,22.1,3.6352,3.6273,0.22,72.29,71.26,1.44,-1.22,13
2026-08-07,SWKS,Skyworks Solutions,US,Technology,10.1,4.9733,4.9922,-0.38,66.84,66.2,0.96,-1.34,21
2026-08-07,PLTR,Palantir Technologies,US,Technology,374.7,2.2636,2.0254,11.76,155.92,137.8,13.15,-1.39,29
2026-08-07,EOG,EOG Resources,US,Energy,71.4,14.6985,14.1162,4.12,136.2,129.07,5.52,-1.4,26
2026-08-07,OTIS,Otis Worldwide,US,Industrials,28.1,4.6127,4.7165,-2.2,73.83,74.37,-0.73,-1.47,14
2026-08-07,MBG.DE,Mercedes-Benz Group,EU,Consumer Cyclical,44.8,7.0463,7.6215,-7.55,47.26,50.32,-6.08,-1.47,13
2026-08-07,HLT,Hilton Worldwide,US,Consumer Cyclical,72.5,10.446,10.4276,0.18,321.98,316.63,1.69,-1.51,24
2026-08-07,MC.PA,LVMH Moët Hennessy Louis Vuitton,EU,Consumer Cyclical,237.4,25.579,25.9114,-1.28,479.7,478.3,0.29,-1.57,16
2026-08-07,T.TO,Telus Corporation,CA,Communication Services,21.7,0.788,0.9958,-20.87,13.75,17.03,-19.27,-1.6,16
2026-08-07,NDAQ,"Nasdaq, Inc.",US,Financial Services,52.9,4.6546,4.4248,5.19,94.7,88.59,6.89,-1.7,16
2026-08-07,EFX,Equifax,US,Industrials,20.7,10.1561,10.2993,-1.39,175.79,175.23,0.32,-1.71,22
2026-08-07,TDG,TransDigm Group,US,Industrials,69.8,47.3293,46.3701,2.07,1262.07,1215.08,3.87,-1.8,19
2026-08-07,BAS.DE,BASF,EU,Basic Materials,44.2,2.9263,2.9941,-2.26,50.7,50.91,-0.41,-1.85,17
2026-08-07,BOQ.AX,Bank of Queensland,ASX,Financial Services,4.4,0.5511,0.5374,2.55,6.62,6.34,4.42,-1.87,10
2026-08-07,SO,Southern Company,US,Utilities,106.9,4.9239,4.9178,0.12,92.9,91.05,2.04,-1.92,23
2026-08-07,AMAT,Applied Materials,US,Technology,418.8,17.0004,14.2445,19.35,527.48,434.9,21.29,-1.94,33
2026-08-07,VOD.L,Vodafone Group,UK,Communication Services,27.6,0.1244,0.1304,-4.55,114.4,117.43,-2.58,-1.97,12
2026-08-07,SDR.L,Schroders,UK,Financial Services,9.1,0.4101,0.4123,-0.52,589.43,580.93,1.46,-1.98,8
2026-08-07,EVRG,Evergy,US,Utilities,19.1,4.5565,4.5401,0.36,83.02,81.1,2.37,-2.01,13
2026-08-07,ENT.L,Entain,UK,Consumer Cyclical,3.4,0.6864,0.7017,-2.19,537.0,537.6,-0.11,-2.08,18
2026-08-07,SAP.TO,Saputo Inc.,CA,Consumer Defensive,15.5,2.3522,2.55,-7.76,38.73,41.05,-5.66,-2.1,9
2026-08-07,FFH.TO,Fairfax Financial Holdings Limited,CA,Financial Services,49.4,165.6225,159.795,3.65,2377.57,2247.48,5.79,-2.14,4
2026-08-07,TSCO.L,Tesco,UK,Consumer Defensive,29.6,0.3356,0.3358,-0.09,480.7,470.98,2.06,-2.15,15
2026-08-07,MRU.TO,Metro Inc.,CA,Consumer Defensive,19.0,5.5369,5.5688,-0.57,90.31,88.91,1.58,-2.15,9
2026-08-07,KIM,Kimco Realty,US,Real Estate,16.4,0.884,0.858,3.03,24.43,23.23,5.19,-2.16,5
2026-08-07,TAP,Molson Coors Beverage Company,US,Consumer Defensive,7.9,4.9652,5.014,-0.97,42.41,41.91,1.2,-2.17,20
2026-08-07,DHI,D. R. Horton,US,Consumer Cyclical,40.8,11.6892,12.0539,-3.03,146.01,147.19,-0.8,-2.23,14
2026-08-07,UPS,United Parcel Service,US,Industrials,87.8,8.0736,7.9253,1.87,103.2,99.11,4.13,-2.26,28
2026-08-07,ELV,Elevance Health,US,Healthcare,84.9,29.6342,29.1437,1.68,391.4,376.54,3.95,-2.27,21
2026-08-07,PG,Procter & Gamble,US,Consumer Defensive,341.6,7.4101,7.4973,-1.16,146.97,145.34,1.12,-2.28,22
2026-08-07,ULTA,Ulta Beauty,US,Consumer Cyclical,23.2,31.8685,31.5564,0.99,538.79,521.58,3.3,-2.31,20
2026-08-07,PNR,Pentair,US,Industrials,11.2,5.18,5.8164,-10.94,69.9,76.49,-8.61,-2.33,16
2026-08-07,DVN,Devon Energy,US,Energy,47.4,5.0509,5.4412,-7.17,43.11,45.29,-4.81,-2.36,12
2026-08-07,CHTR,Charter Communications,US,Communication Services,21.2,45.2688,45.5916,-0.71,157.44,154.86,1.67,-2.38,17
2026-08-07,ABNB,Airbnb,US,Consumer Cyclical,90.0,6.0408,5.7664,4.76,151.64,141.49,7.17,-2.41,40
2026-08-07,PNW,Pinnacle West Capital,US,Utilities,12.2,5.6475,5.6431,0.08,100.82,98.36,2.51,-2.43,10
2026-08-07,TEL,TE Connectivity,US,Technology,62.3,12.9061,12.6229,2.24,215.08,205.41,4.71,-2.47,16
2026-08-07,BRBY.L,Burberry Group,UK,Consumer Cyclical,4.3,0.5701,0.6082,-6.26,1209.0,1254.8,-3.65,-2.61,13
2026-08-07,TROW,T. Rowe Price,US,Financial Services,24.2,10.2234,9.5986,6.51,113.62,104.08,9.16,-2.65,13
2026-08-07,ALQ.AX,ALS,ASX,Industrials,11.9,1.0015,0.9697,3.29,23.42,22.1,5.98,-2.69,14
2026-08-07,BGEO.L,Lion Finance Group,UK,Financial Services,5.2,18.3887,17.8027,3.29,12020.0,11339.18,6.0,-2.71,3
2026-08-07,WST,West Pharmaceutical Services,US,Healthcare,24.5,9.9648,9.5533,4.31,348.6,325.71,7.03,-2.72,16
2026-08-07,NEM.AX,Newmont,ASX,Basic Materials,160.2,14.5174,15.7483,-7.82,152.03,160.09,-5.03,-2.79,7
2026-08-07,WMB,Williams Companies,US,Energy,87.8,2.5332,2.5954,-2.4,71.76,71.43,0.46,-2.86,9
2026-08-07,NOC,Northrop Grumman,US,Industrials,80.7,30.4313,30.1831,0.82,567.74,547.11,3.77,-2.95,22
2026-08-07,FTS.TO,Fortis Inc.,CA,Utilities,40.1,3.8777,3.8729,0.12,78.45,76.11,3.08,-2.96,15
2026-08-07,NTR.TO,Nutrien Ltd.,CA,Basic Materials,44.7,5.1733,5.2742,-1.91,93.62,92.65,1.05,-2.96,21
2026-08-07,EBO.AX,EBOS Group,ASX,Healthcare,3.8,1.2422,1.2191,1.89,18.34,17.49,4.86,-2.97,3
2026-08-07,CMG,Chipotle Mexican Grill,US,Consumer Cyclical,42.7,1.3684,1.358,0.77,33.71,32.49,3.75,-2.98,34
2026-08-07,MCD,McDonald's,US,Consumer Cyclical,196.3,14.0405,14.3568,-2.2,276.26,273.89,0.86,-3.06,31
2026-08-07,EXE,Expand Energy,US,Energy,21.3,9.1943,9.8487,-6.64,91.96,95.36,-3.57,-3.07,23
2026-08-07,MRNA,Moderna,US,Healthcare,21.5,-4.9146,-4.727,-3.97,53.86,54.35,-0.9,-3.07,18
2026-08-07,KKR,KKR & Co.,US,Financial Services,92.8,7.3873,7.5496,-2.15,103.35,102.32,1.01,-3.16,22
2026-08-07,WBC.AX,Westpac,ASX,Financial Services,129.9,2.1755,2.211,-1.61,38.03,37.44,1.58,-3.19,10
2026-08-07,MCO,Moody's Corporation,US,Financial Services,81.9,18.9133,18.5686,1.86,473.13,450.25,5.08,-3.22,24
2026-08-07,GSK.L,GSK plc,UK,Healthcare,77.6,1.939,1.9593,-1.04,1915.5,1873.08,2.26,-3.3,17
2026-08-07,ED,Consolidated Edison,US,Utilities,40.2,6.4935,6.4921,0.02,108.95,105.43,3.34,-3.32,15
2026-08-07,JCI,Johnson Controls,US,Industrials,93.6,5.9991,5.5692,7.72,154.55,139.14,11.08,-3.36,21
2026-08-07,AGL.AX,AGL Energy,ASX,Utilities,5.5,0.8083,0.9224,-12.37,8.24,9.06,-9.0,-3.37,9
2026-08-07,HWDN.L,Howdens Joinery,UK,Consumer Cyclical,4.6,0.5635,0.5543,1.67,833.0,793.07,5.04,-3.37,15
2026-08-07,CIP.AX,Centuria Industrial REIT,ASX,Real Estate,1.9,0.1872,0.1885,-0.66,3.03,2.95,2.72,-3.38,7
2026-08-07,C,Citigroup,US,Financial Services,224.5,12.8833,12.4226,3.71,133.82,124.91,7.13,-3.42,11
2026-08-07,MCY.AX,Mercury NZ,ASX,Utilities,8.1,0.21,0.21,0.0,5.71,5.52,3.44,-3.44,1
2026-08-07,IBM,IBM,US,Technology,219.9,13.1749,13.4361,-1.94,233.43,229.76,1.6,-3.54,24
2026-08-07,EBAY,eBay Inc.,US,Consumer Cyclical,48.9,6.6858,6.7538,-1.01,110.14,107.39,2.56,-3.57,16
2026-08-07,AZJ.AX,Aurizon,ASX,Industrials,7.1,0.2817,0.2804,0.44,4.22,4.06,4.06,-3.62,15
2026-08-07,ASX.AX,ASX,ASX,Financial Services,11.2,2.5593,2.6978,-5.13,57.36,58.23,-1.49,-3.64,13
2026-08-07,MDLZ,Mondelez International,US,Consumer Defensive,80.1,3.3591,3.3888,-0.88,62.75,61.04,2.8,-3.68,24
2026-08-07,MUV2.DE,Munich Re,EU,Financial Services,66.9,51.8573,53.5123,-3.09,515.0,511.6,0.66,-3.75,11
2026-08-07,AVB,AvalonBay Communities,US,Real Estate,26.6,4.8718,4.9451,-1.48,186.55,182.38,2.29,-3.77,3
2026-08-07,BEN,Franklin Resources,US,Financial Services,17.3,3.1484,2.947,6.83,34.0,30.74,10.6,-3.77,10
2026-08-07,REGN,Regeneron Pharmaceuticals,US,Healthcare,79.5,50.1811,48.0688,4.39,772.11,713.82,8.17,-3.78,9
2026-08-07,NSC,Norfolk Southern,US,Industrials,76.9,14.2643,13.465,5.94,342.46,312.01,9.76,-3.82,22
2026-08-07,PRX.AS,Prosus,EU,Consumer Cyclical,87.7,4.4191,4.6425,-4.81,41.57,41.96,-0.93,-3.88,14
2026-08-07,LMP.L,LondonMetric Property,UK,Real Estate,4.6,0.1499,0.1491,0.57,197.7,189.27,4.46,-3.89,7
2026-08-07,XOM,ExxonMobil,US,Energy,641.8,10.5623,10.1645,3.91,154.84,143.6,7.83,-3.92,23
2026-08-07,MS,Morgan Stanley,US,Financial Services,336.0,13.6493,12.7187,7.32,213.75,192.03,11.31,-3.99,21
2026-08-07,DBI.AX,Dalrymple Bay Infrastructure,ASX,Industrials,2.8,0.2488,0.2365,5.23,5.64,5.17,9.25,-4.02,9
2026-08-07,HST,Host Hotels & Resorts,US,Real Estate,16.2,1.0177,0.97,4.91,23.38,21.45,9.01,-4.1,5
2026-08-07,CAE.TO,CAE Inc.,CA,Industrials,12.1,1.4861,1.5211,-2.3,37.56,36.89,1.82,-4.12,13
2026-08-07,FERG,Ferguson Enterprises,US,Industrials,49.1,12.5637,12.4091,1.25,253.37,240.41,5.39,-4.14,22
2026-08-07,PFE,Pfizer,US,Healthcare,149.3,2.8392,2.8495,-0.36,26.2,25.24,3.81,-4.17,23
2026-08-07,CVS,CVS Health,US,Healthcare,123.1,8.4308,8.207,2.73,96.22,89.99,6.92,-4.19,26
2026-08-07,RMD.AX,ResMed,ASX,Healthcare,42.9,1.219,1.2256,-0.54,29.55,28.5,3.69,-4.23,3
2026-08-07,AES,AES Corporation,US,Utilities,10.5,2.3777,2.3888,-0.46,14.7,14.16,3.81,-4.27,11
2026-08-07,BWP.AX,BWP Trust,ASX,Real Estate,3.1,0.1956,0.1967,-0.56,3.9,3.76,3.74,-4.3,8
2026-08-07,L.TO,Loblaw Companies Limited,CA,Consumer Defensive,73.7,2.38,2.38,0.0,63.3,60.66,4.34,-4.34,1
2026-08-07,PPL.TO,Pembina Pipeline Corporation,CA,Energy,39.2,3.1387,3.0039,4.49,67.37,61.9,8.84,-4.35,8
2026-08-07,BEZ.L,Beazley,UK,Financial Services,7.7,1.3441,1.3919,-3.43,1290.0,1278.0,0.94,-4.37,7
2026-08-07,DOW.AX,Downer Group,ASX,Industrials,5.2,0.4814,0.4899,-1.74,7.91,7.71,2.66,-4.4,7
2026-08-07,EXC,Exelon,US,Utilities,46.7,3.0329,3.0407,-0.25,45.32,43.5,4.18,-4.43,20
2026-08-07,LDOS,Leidos,US,Technology,17.0,13.1023,13.1322,-0.23,135.26,129.65,4.33,-4.56,16
2026-08-07,OKE,Oneok,US,Energy,55.4,6.197,6.2019,-0.08,87.93,84.16,4.48,-4.56,15
2026-08-07,NKE,"Nike, Inc.",US,Consumer Cyclical,62.3,2.2331,2.4461,-8.71,42.0,43.75,-4.0,-4.71,31
2026-08-07,LUV,Southwest Airlines,US,Industrials,23.0,4.948,4.5258,9.33,46.94,41.13,14.12,-4.79,24
2026-08-07,XYL,Xylem Inc.,US,Industrials,28.2,6.1933,6.0854,1.77,120.76,113.29,6.6,-4.83,22
2026-08-07,RSG,Republic Services,US,Industrials,64.5,8.067,8.048,0.24,209.59,199.44,5.09,-4.85,26
2026-08-07,ESS,Essex Property Trust,US,Real Estate,19.7,6.1806,5.9308,4.21,285.12,261.24,9.14,-4.93,7
2026-08-07,DLR,Digital Realty,US,Real Estate,72.5,2.9331,3.1112,-5.72,192.56,194.02,-0.75,-4.97,4
2026-08-07,ENI.MI,Eni,EU,Energy,67.7,2.3006,2.3159,-0.66,23.08,22.13,4.32,-4.98,21
2026-08-07,EXPD,Expeditors International,US,Industrials,23.2,7.5053,6.8579,9.44,178.56,155.89,14.54,-5.1,14
2026-08-07,REG.AX,Regis Healthcare,ASX,Healthcare,1.9,0.2329,0.2444,-4.71,6.38,6.35,0.39,-5.1,6
2026-08-07,BF-B,Brown–Forman,US,Consumer Defensive,13.0,1.7021,1.7389,-2.11,28.27,27.44,3.02,-5.13,16
2026-08-07,ENEL.MI,Enel,EU,Utilities,98.9,0.751,0.7466,0.6,9.95,9.4,5.81,-5.21,18
2026-08-07,IDXX,Idexx Laboratories,US,Healthcare,46.5,16.5154,16.5024,0.08,590.0,560.11,5.34,-5.26,12
2026-08-07,CMCSA,Comcast,US,Communication Services,89.3,3.6222,3.807,-4.85,25.17,25.06,0.44,-5.29,20
2026-08-07,SCG.AX,Scentre Group,ASX,Real Estate,20.7,0.249,0.2458,1.31,3.95,3.71,6.6,-5.29,8
2026-08-07,AIG,American International Group,US,Financial Services,42.4,8.8374,8.8273,0.11,79.97,75.86,5.42,-5.31,22
2026-08-07,COIN,Coinbase,US,Financial Services,38.4,3.165,4.7268,-33.04,145.41,201.16,-27.71,-5.33,29
2026-08-07,WN.TO,George Weston Limited,CA,Consumer Defensive,38.2,5.445,5.3543,1.69,102.12,95.39,7.05,-5.36,6
2026-08-07,TJX,TJX Companies,US,Consumer Cyclical,179.0,5.7113,5.6767,0.61,162.06,152.86,6.02,-5.41,12
2026-08-07,WEIR.L,Weir Group,UK,Industrials,7.0,1.475,1.4966,-1.44,2688.0,2584.0,4.02,-5.46,21
2026-08-07,VNT.AX,Ventia Services Group,ASX,Industrials,4.9,0.3663,0.3678,-0.4,6.01,5.72,5.07,-5.47,12
2026-08-07,IEX,IDEX Corporation,US,Industrials,17.2,9.4648,9.1895,3.0,233.71,215.44,8.48,-5.48,15
2026-08-07,CL,Colgate-Palmolive,US,Consumer Defensive,74.1,4.1,4.0493,1.25,93.0,87.05,6.83,-5.58,20
2026-08-07,SHEL.L,Shell plc,UK,Energy,183.3,4.6912,4.7396,-1.02,3280.5,3136.72,4.58,-5.6,16
2026-08-07,CAR.AX,CAR Group,ASX,Communication Services,10.3,1.1756,1.2021,-2.2,27.12,26.22,3.43,-5.63,13
2026-08-07,SIE.DE,Siemens,EU,Industrials,208.3,12.8509,12.629,1.76,285.95,266.2,7.42,-5.66,19
2026-08-07,ANZ.AX,Australia & New Zealand Banking Group,ASX,Financial Services,114.0,2.5349,2.5455,-0.42,37.85,35.96,5.26,-5.68,12
2026-08-07,FRT,Federal Realty Investment Trust,US,Real Estate,10.3,3.0857,3.178,-2.9,117.91,114.62,2.87,-5.77,6
2026-08-07,PRU.AX,Perseus Mining,ASX,Basic Materials,7.2,0.5124,0.5568,-7.98,5.4,5.52,-2.17,-5.81,4
2026-08-07,GM,General Motors,US,Consumer Cyclical,78.6,14.707,14.0438,4.72,86.94,78.63,10.57,-5.85,26
2026-08-07,CP.TO,Canadian Pacific Kansas City Limited,CA,Industrials,111.2,5.9925,5.8834,1.85,126.51,117.44,7.73,-5.88,28
2026-08-07,EXR,Extra Space Storage,US,Real Estate,33.0,4.7576,4.7805,-0.48,149.54,141.76,5.49,-5.97,6
2026-08-07,PPT.AX,Perpetual,ASX,Financial Services,2.2,1.6323,1.5369,6.21,18.61,16.59,12.18,-5.97,5
2026-08-07,KDP,Keurig Dr Pepper,US,Consumer Defensive,41.3,2.528,2.5251,0.11,30.37,28.63,6.09,-5.98,18
2026-08-07,IFF,International Flavors & Fragrances,US,Basic Materials,21.6,4.7409,4.795,-1.13,84.55,80.62,4.87,-6.0,14
2026-08-07,PCG,PG&E Corporation,US,Utilities,37.4,1.8024,1.8015,0.05,17.0,16.02,6.09,-6.04,17
2026-08-07,CF,CF Industries,US,Basic Materials,17.7,10.3358,10.7829,-4.15,116.73,114.55,1.9,-6.05,7
2026-08-07,SGM.AX,Sims Metal,ASX,Basic Materials,5.2,1.8729,1.592,17.64,26.78,21.65,23.7,-6.06,13
2026-08-07,BIIB,Biogen,US,Healthcare,30.5,16.5904,16.5122,0.47,206.28,193.45,6.63,-6.16,32
2026-08-07,BA.L,BAE Systems,UK,Industrials,64.5,0.9562,0.9413,1.58,2156.0,2001.0,7.75,-6.17,15
2026-08-07,TRGP,Targa Resources,US,Energy,57.6,11.9369,11.6628,2.35,268.23,246.96,8.61,-6.26,5
2026-08-07,UU.L,United Utilities,UK,Utilities,10.6,1.0889,1.148,-5.15,1417.0,1400.87,1.15,-6.3,13
2026-08-07,CTD.AX,Corporate Travel Management,ASX,Consumer Cyclical,2.4,0.7463,0.7967,-6.33,16.07,16.07,0.0,-6.33,1
2026-08-07,KVUE,Kenvue,US,Consumer Defensive,36.8,1.247,1.199,4.01,19.18,17.38,10.35,-6.34,15
2026-08-07,MAS,Masco,US,Industrials,14.9,4.6639,4.7004,-0.78,75.47,71.4,5.7,-6.48,21
2026-08-07,EXPN.L,Experian,UK,Industrials,25.0,2.294,2.2751,0.83,2851.0,2656.85,7.31,-6.48,17
2026-08-07,AVY,Avery Dennison,US,Consumer Cyclical,13.2,11.2307,11.1661,0.58,173.99,162.47,7.09,-6.51,12
2026-08-07,JKHY,Jack Henry & Associates,US,Technology,11.2,7.1011,6.9936,1.54,156.94,145.19,8.09,-6.55,9
2026-08-07,KEY,KeyCorp,US,Financial Services,24.3,2.138,2.1513,-0.62,22.66,21.39,5.95,-6.57,15
2026-08-07,FE,FirstEnergy,US,Utilities,27.4,2.9542,2.9469,0.25,47.37,44.33,6.86,-6.61,16
2026-08-07,BN.PA,Danone,EU,Consumer Defensive,43.8,4.2337,4.1978,0.85,68.0,63.28,7.46,-6.61,19
2026-08-07,IHG.L,IHG Hotels & Resorts,UK,Consumer Cyclical,23.4,6.4497,6.3515,1.55,160.25,148.05,8.24,-6.69,17
2026-08-07,EG,Everest Group,US,Financial Services,14.2,60.1698,60.6263,-0.75,370.35,349.43,5.99,-6.74,14
2026-08-07,CCC.L,Computacenter,UK,Technology,5.1,2.4085,2.0566,17.11,4812.0,3883.56,23.91,-6.8,9
2026-08-07,ALD.AX,Ampol,ASX,Energy,9.3,2.5602,2.3961,6.85,38.88,34.2,13.68,-6.83,9
2026-08-07,PPG,PPG Industries,US,Basic Materials,26.0,8.6771,8.6256,0.6,117.16,108.9,7.58,-6.98,21
2026-08-07,INVH,Invitation Homes,US,Real Estate,18.0,0.6792,0.6811,-0.28,30.37,28.44,6.79,-7.07,4
2026-08-07,MNST,Monster Beverage,US,Consumer Defensive,92.1,2.5809,2.5314,1.96,94.16,86.29,9.12,-7.16,12
2026-08-07,ROST,Ross Stores,US,Consumer Cyclical,81.6,8.5999,8.1442,5.6,254.31,225.37,12.84,-7.24,18
2026-08-07,AAPL,Apple Inc.,US,Technology,4559.4,9.549,9.6186,-0.72,312.41,293.05,6.61,-7.33,41
2026-08-07,TLC.AX,The Lottery Corporation,ASX,Consumer Cyclical,12.1,0.1775,0.1859,-4.51,5.45,5.3,2.83,-7.34,15
2026-08-07,DXS.AX,Dexus,ASX,Real Estate,6.5,0.5811,0.611,-4.89,6.07,5.92,2.49,-7.38,8
2026-08-07,IVZ,Invesco,US,Financial Services,14.0,3.2156,2.9671,8.37,31.69,27.38,15.76,-7.39,13
2026-08-07,CTC-A.TO,Canadian Tire Corporation Limited,CA,Consumer Cyclical,10.7,15.8733,15.8765,-0.02,203.22,189.15,7.44,-7.46,9
2026-08-07,NVR,"NVR, Inc.",US,Consumer Cyclical,16.9,411.6239,419.8301,-1.95,6304.81,5974.07,5.54,-7.49,6
2026-08-07,VOW.DE,Volkswagen Group,EU,Consumer Cyclical,38.3,27.1509,32.8692,-17.4,76.6,84.95,-9.83,-7.57,4
2026-08-07,AME,Ametek,US,Industrials,57.6,8.8638,8.8046,0.67,251.38,232.05,8.33,-7.66,16
2026-08-07,SW,Smurfit Westrock,US,Consumer Cyclical,24.6,3.3558,3.149,6.57,46.93,41.08,14.24,-7.67,14
2026-08-07,BEN.AX,Bendigo & Adelaide Bank,ASX,Financial Services,6.4,0.851,0.8572,-0.73,11.41,10.67,6.94,-7.67,9
2026-08-07,ACGL,Arch Capital Group,US,Financial Services,33.9,9.7641,9.9498,-1.87,99.29,93.8,5.85,-7.72,20
2026-08-07,IBE.MC,Iberdrola,EU,Utilities,138.3,1.0788,1.0704,0.78,20.72,19.07,8.66,-7.88,11
2026-08-07,WM,Waste Management,US,Industrials,91.5,9.1388,9.2455,-1.15,229.01,214.44,6.79,-7.94,28
2026-08-07,IMI.L,IMI,UK,Industrials,7.4,1.5404,1.5385,0.12,3084.0,2854.0,8.06,-7.94,15
2026-08-07,KHC,Kraft Heinz,US,Consumer Defensive,29.6,2.0986,2.1393,-1.9,24.96,23.53,6.06,-7.96,19
2026-08-07,NWS.AX,News Corp Class B,ASX,Communication Services,26.0,1.5889,1.5385,3.28,48.03,43.17,11.26,-7.98,5
2026-08-07,TDY,Teledyne Technologies,US,Technology,31.9,26.6732,25.9883,2.64,687.52,621.38,10.64,-8.0,11
2026-08-07,SYF,Synchrony Financial,US,Financial Services,25.6,10.4678,10.4692,-0.01,78.67,72.83,8.03,-8.04,23
2026-08-07,DE,Deere & Company,US,Industrials,166.0,22.8297,23.0183,-0.82,614.84,573.35,7.24,-8.06,21
2026-08-07,ABI.BR,Anheuser-Busch InBev,EU,Consumer Defensive,144.6,4.9122,4.8635,1.0,73.94,67.8,9.06,-8.06,25
2026-08-07,CSX,CSX Corporation,US,Industrials,93.9,2.2675,2.1522,5.36,50.7,44.69,13.44,-8.08,25
2026-08-07,NTRS,Northern Trust,US,Financial Services,33.7,12.5469,11.7046,7.2,184.14,159.67,15.33,-8.13,12
2026-08-07,O,Realty Income,US,Real Estate,59.0,1.7071,1.8185,-6.12,62.36,61.12,2.02,-8.14,3
2026-08-07,DGE.L,Diageo,UK,Consumer Defensive,38.5,1.7014,1.7239,-1.3,1641.0,1534.2,6.96,-8.26,19
2026-08-07,CCL,Carnival Corporation,US,Consumer Cyclical,39.4,2.6378,2.598,1.53,28.79,26.22,9.8,-8.27,27
2026-08-07,INVP.L,Investec,UK,Financial Services,4.2,0.9891,0.9754,1.4,675.5,615.5,9.75,-8.35,4
2026-08-07,ADS.DE,Adidas,EU,Consumer Cyclical,28.9,11.6575,11.5569,0.87,163.0,149.2,9.25,-8.38,17
2026-08-07,CTSH,Cognizant,US,Technology,25.6,6.3084,6.1598,2.41,56.89,51.32,10.86,-8.45,28
2026-08-07,HSX.L,Hiscox,UK,Financial Services,5.8,2.0488,2.027,1.08,1791.0,1634.0,9.61,-8.53,8
2026-08-07,AI.PA,Air Liquide,EU,Basic Materials,110.1,7.2244,7.0985,1.77,173.58,157.26,10.37,-8.6,18
2026-08-07,AXP,American Express,US,Financial Services,231.4,20.1239,20.1124,0.06,342.6,315.17,8.7,-8.64,27
2026-08-07,HLN.L,Haleon,UK,Healthcare,32.6,0.2285,0.225,1.57,365.7,331.83,10.21,-8.64,17
2026-08-07,NDSN,Nordson Corporation,US,Industrials,17.2,12.4125,12.3351,0.63,308.98,282.73,9.28,-8.65,8
2026-08-07,RL,Ralph Lauren Corporation,US,Consumer Cyclical,23.6,20.4698,20.0678,2.0,395.83,357.58,10.7,-8.7,18
2026-08-07,AWK,American Water Works,US,Utilities,26.8,6.5658,6.5757,-0.15,134.82,124.16,8.58,-8.73,10
2026-08-07,MRVL,Marvell Technology,US,Technology,189.0,6.2409,5.4246,15.05,210.54,170.09,23.78,-8.73,39
2026-08-07,D,Dominion Energy,US,Utilities,58.8,3.8152,3.8091,0.16,66.8,61.28,9.01,-8.85,19
2026-08-07,UNP,Union Pacific Corporation,US,Industrials,175.5,14.1164,13.67,3.27,295.38,263.28,12.19,-8.92,24
2026-08-07,OTEX.TO,Open Text Corporation,CA,Technology,8.7,5.4543,5.5169,-1.13,36.02,33.42,7.79,-8.92,6
2026-08-07,PKG,Packaging Corporation of America,US,Consumer Cyclical,22.5,12.6755,12.1479,4.34,252.75,223.11,13.28,-8.94,9
2026-08-07,QBE.AX,QBE Insurance,ASX,Financial Services,36.5,1.9839,1.9693,0.74,24.46,22.3,9.69,-8.95,10
2026-08-07,REL.L,RELX,UK,Industrials,45.4,1.5697,1.5666,0.2,2714.79,2486.81,9.17,-8.97,16
2026-08-07,AIA.AX,Auckland International Airport Limited,ASX,Industrials,12.5,0.1864,0.1895,-1.64,7.36,6.86,7.36,-9.0,2
2026-08-07,LULU,Lululemon Athletica,US,Consumer Cyclical,14.2,11.4646,13.3413,-14.07,124.73,131.18,-4.92,-9.15,22
2026-08-07,RMD,ResMed,US,Healthcare,32.4,12.0826,12.1905,-0.89,223.24,206.15,8.29,-9.18,6
2026-08-07,DRI,Darden Restaurants,US,Consumer Cyclical,24.1,12.3866,12.49,-0.83,210.94,194.66,8.37,-9.2,26
2026-08-07,WAB,Wabtec,US,Industrials,49.9,12.3704,12.1276,2.0,295.23,265.39,11.25,-9.25,12
2026-08-07,CCL-B.TO,CCL Industries Inc.,CA,Consumer Cyclical,16.0,5.3641,5.294,1.32,93.0,84.09,10.6,-9.28,10
2026-08-07,RGN.AX,Region Group,ASX,Real Estate,2.8,0.1661,0.1661,-0.01,2.42,2.21,9.33,-9.34,6
2026-08-07,CTEC.L,Convatec,UK,Healthcare,4.4,0.1755,0.1818,-3.43,223.8,211.3,5.92,-9.35,8
2026-08-07,MEZ.AX,Meridian Energy,ASX,Utilities,12.7,0.14,0.16,-12.5,4.69,4.84,-3.1,-9.4,1
2026-08-07,ETN,Eaton Corporation,US,Industrials,174.1,15.993,15.6558,2.15,448.19,401.51,11.63,-9.48,23
2026-08-07,BMY,Bristol Myers Squibb,US,Healthcare,131.0,6.5357,6.1666,5.99,64.15,55.53,15.52,-9.53,28
2026-08-07,MAA,Mid-America Apartment Communities,US,Real Estate,15.9,3.1361,3.3021,-5.03,133.63,127.83,4.54,-9.57,8
2026-08-07,TFC,Truist Financial,US,Financial Services,64.2,4.9941,5.121,-2.48,52.59,49.11,7.09,-9.57,18
2026-08-07,DCC.L,DCC Energy,UK,Energy,5.4,5.36,5.2778,1.56,6385.0,5743.61,11.17,-9.61,9
2026-08-07,HOOD,Robinhood Markets,US,Financial Services,81.6,2.6965,2.4935,8.14,90.71,77.03,17.76,-9.62,20
2026-08-07,PHM,PulteGroup,US,Consumer Cyclical,24.7,11.241,11.1641,0.69,129.55,117.3,10.44,-9.75,12
2026-08-07,BX,Blackstone Inc.,US,Financial Services,166.1,7.488,7.5524,-0.85,133.45,122.52,8.92,-9.77,23
2026-08-07,BR,Broadridge Financial Solutions,US,Technology,18.8,11.5392,11.4051,1.18,164.75,148.49,10.95,-9.77,8
2026-08-07,MG.TO,Magna International Inc.,CA,Consumer Cyclical,25.4,7.7109,7.6166,1.24,95.1,85.65,11.04,-9.8,19
2026-08-07,SCHW,Charles Schwab Corporation,US,Financial Services,187.2,7.8028,6.9878,11.66,107.66,88.61,21.5,-9.84,22
2026-08-07,CGF.AX,Challenger,ASX,Financial Services,6.8,0.7347,0.714,2.89,9.97,8.84,12.73,-9.84,9
2026-08-07,ULVR.L,Unilever,UK,Consumer Defensive,101.4,3.4375,3.4054,0.94,4773.6,4309.23,10.78,-9.84,16
2026-08-07,FSV.TO,FirstService Corporation,CA,Real Estate,8.8,6.6762,6.7476,-1.06,199.98,183.83,8.78,-9.84,10
2026-08-07,GD,General Dynamics,US,Industrials,104.7,18.544,18.1312,2.28,386.92,345.01,12.15,-9.87,20
2026-08-07,HSBA.L,HSBC,UK,Financial Services,260.9,1.8956,1.8367,3.2,1510.6,1335.33,13.13,-9.93,12
2026-08-07,DB1.DE,Deutsche Börse,EU,Financial Services,48.6,13.4047,13.2956,0.82,269.0,242.87,10.76,-9.94,8
2026-08-07,ORG.AX,Origin Energy,ASX,Utilities,18.7,0.6347,0.7448,-14.78,10.83,11.38,-4.83,-9.95,11
2026-08-07,KO,Coca-Cola Company (The),US,Consumer Defensive,373.7,3.5264,3.475,1.48,86.85,77.92,11.46,-9.98,24
2026-08-07,PCAR,Paccar,US,Industrials,69.5,7.2069,6.8054,5.9,132.06,113.96,15.89,-9.99,13
2026-08-07,FNV.TO,Franco-Nevada Corporation,CA,Basic Materials,62.6,9.2236,9.9854,-7.63,324.4,316.84,2.39,-10.02,11
2026-08-07,CHD,Church & Dwight,US,Consumer Defensive,24.5,4.0402,4.0053,0.87,103.36,93.14,10.98,-10.11,16
2026-08-07,AOS,A. O. Smith,US,Industrials,8.6,4.0961,4.1794,-1.99,62.99,58.25,8.14,-10.13,12
2026-08-07,ORI.AX,Orica,ASX,Basic Materials,11.0,1.3776,1.3757,0.14,23.67,21.46,10.29,-10.15,14
2026-08-07,PSN.L,Persimmon,UK,Consumer Cyclical,3.7,1.0339,1.1301,-8.52,1123.0,1104.11,1.71,-10.23,18
2026-08-07,VRSK,Verisk Analytics,US,Industrials,24.7,8.693,8.654,0.45,189.75,171.4,10.7,-10.25,19
2026-08-07,PGR,Progressive Corporation,US,Financial Services,125.2,16.2861,16.1586,0.79,215.34,193.91,11.05,-10.26,22
2026-08-07,QUB.AX,Qube Holdings,ASX,Industrials,9.1,0.1878,0.1898,-1.1,5.11,4.68,9.2,-10.3,5
2026-08-07,HBAN,Huntington Bancshares,US,Financial Services,35.1,1.87,1.9015,-1.66,17.36,15.98,8.66,-10.32,14
2026-08-07,OMC,Omnicom Group,US,Communication Services,22.6,12.0446,12.3052,-2.12,82.51,76.24,8.22,-10.34,12
2026-08-07,BHP.AX,BHP,ASX,Basic Materials,320.4,2.5439,2.5838,-1.54,63.06,57.95,8.81,-10.35,17
2026-08-07,UDR,"UDR, Inc.",US,Real Estate,14.0,0.56,0.6,-6.67,38.14,36.78,3.7,-10.37,1
2026-08-07,GEHC,GE HealthCare,US,Healthcare,31.8,5.404,5.3808,0.43,70.31,63.43,10.84,-10.41,19
2026-08-07,F,Ford Motor Company,US,Consumer Cyclical,55.0,1.9042,1.8502,2.92,13.79,12.17,13.34,-10.42,22
2026-08-07,ICG.L,ICG,UK,Financial Services,5.9,1.9298,1.9538,-1.23,2048.0,1875.38,9.2,-10.43,12
2026-08-07,ALK.AX,Alkane Resources,ASX,Basic Materials,2.1,0.2168,0.2426,-10.64,1.52,1.52,-0.2,-10.44,6
2026-08-07,NXG.AX,Nexgen Energy,ASX,Energy,9.7,-0.1865,-0.1487,-25.46,14.5,17.06,-15.01,-10.45,2
2026-08-07,VLTO,Veralto,US,Industrials,23.9,4.7596,4.6427,2.52,98.02,86.71,13.04,-10.52,18
2026-08-07,PM,Philip Morris International,US,Consumer Defensive,293.1,9.1688,9.137,0.35,188.05,169.58,10.89,-10.54,16
2026-08-07,CM.TO,Canadian Imperial Bank of Commerce,CA,Financial Services,151.5,11.1315,11.0888,0.38,165.93,149.57,10.94,-10.56,13
2026-08-07,MKC,McCormick & Company,US,Consumer Defensive,14.1,3.2989,3.3462,-1.42,52.28,47.89,9.18,-10.6,12
2026-08-07,RJF,Raymond James Financial,US,Financial Services,34.4,14.1814,13.3842,5.96,179.33,153.78,16.61,-10.65,14
2026-08-07,WRB,W. R. Berkley Corporation,US,Financial Services,26.8,4.8304,4.8236,0.14,72.13,65.09,10.81,-10.67,18
2026-08-07,NWL.AX,Netwealth Group,ASX,Technology,6.0,0.592,0.6073,-2.52,24.43,22.58,8.19,-10.71,17
2026-08-07,IAG.L,International Airlines Group,UK,Industrials,19.6,0.7824,0.7752,0.93,444.5,397.74,11.76,-10.83,14
2026-08-07,NHC.AX,New Hope,ASX,Energy,4.4,0.4164,0.4493,-7.32,5.21,5.03,3.58,-10.9,7
2026-08-07,PSON.L,Pearson plc,UK,Communication Services,7.4,0.7857,0.7743,1.47,1239.0,1102.5,12.38,-10.91,10
2026-08-07,CLW.AX,Charter Hall Long WALE REIT,ASX,Real Estate,2.7,0.2554,0.2538,0.62,3.84,3.44,11.57,-10.95,7
2026-08-07,DOL.TO,Dollarama Inc.,CA,Consumer Defensive,52.2,5.8255,5.8298,-0.08,192.68,173.72,10.92,-11.0,11
2026-08-07,GIB-A.TO,CGI Inc.,CA,Technology,21.5,9.7722,9.7116,0.62,104.02,93.16,11.65,-11.03,15
2026-08-07,BRK-B,Berkshire Hathaway,US,Financial Services,1131.5,21.5715,21.75,-0.82,524.61,475.94,10.23,-11.05,3
2026-08-07,EMR,Emerson Electric,US,Industrials,87.5,7.1732,7.1448,0.4,156.91,140.74,11.49,-11.09,27
2026-08-07,INF.L,Informa,UK,Communication Services,11.3,0.6615,0.6607,0.12,911.53,819.58,11.22,-11.1,14
2026-08-07,SPGI,S&P Global,US,Financial Services,119.5,20.2197,22.2059,-8.94,405.24,396.54,2.19,-11.13,22
2026-08-07,LEN,Lennar,US,Consumer Cyclical,20.4,6.4805,7.5891,-14.61,84.82,87.86,-3.46,-11.15,11
2026-08-07,SNA,Snap-on,US,Industrials,21.5,21.3601,21.2633,0.46,414.68,371.46,11.63,-11.17,10
2026-08-07,WELL,Welltower,US,Real Estate,170.1,3.275,3.3033,-0.86,236.0,213.9,10.33,-11.19,2
2026-08-07,CWY.AX,Cleanaway,ASX,Industrials,5.4,0.1155,0.1205,-4.11,2.41,2.25,7.11,-11.22,13
2026-08-07,ZIP.AX,Zip,ASX,Financial Services,3.6,0.1407,0.137,2.67,2.86,2.51,13.94,-11.27,8
2026-08-07,EW,Edwards Lifesciences,US,Healthcare,51.5,3.3755,3.3632,0.37,89.32,79.96,11.71,-11.34,28
2026-08-07,MQG.AX,Macquarie Group,ASX,Financial Services,101.0,13.095,12.9145,1.4,265.04,235.09,12.74,-11.34,8
2026-08-07,SOLV,Solventum,US,Healthcare,14.1,7.0895,6.9752,1.64,82.96,73.38,13.06,-11.42,15
2026-08-07,STE,Steris,US,Healthcare,22.6,12.2127,12.138,0.62,231.78,206.83,12.06,-11.44,9
2026-08-07,COL.AX,Coles Group,ASX,Consumer Defensive,32.3,1.0067,1.0084,-0.17,24.07,21.63,11.28,-11.45,15
2026-08-07,IFC.TO,Intact Financial Corporation,CA,Financial Services,49.4,18.7113,18.9154,-1.08,280.0,253.63,10.4,-11.48,13
2026-08-07,CB,Chubb Limited,US,Financial Services,136.6,29.1054,29.2219,-0.4,354.03,318.65,11.1,-11.5,24
2026-08-07,MGR.AX,Mirvac,ASX,Real Estate,7.2,0.1308,0.1331,-1.72,1.82,1.65,9.84,-11.56,11
2026-08-07,ES,Eversource Energy,US,Utilities,27.1,4.9068,5.0062,-1.99,72.06,65.73,9.63,-11.62,10
2026-08-07,NAB.AX,National Australia Bank,ASX,Financial Services,129.1,2.4516,2.4948,-1.73,42.18,38.36,9.96,-11.69,8
2026-08-07,WAT,Waters Corporation,US,Healthcare,39.2,16.5181,16.3786,0.85,399.7,355.13,12.55,-11.7,24
2026-08-07,RWC.AX,Reliance Worldwide Corporation,ASX,Industrials,2.8,0.2897,0.2773,4.49,3.69,3.18,16.19,-11.7,14
2026-08-07,VCX.AX,Vicinity Centres,ASX,Real Estate,12.6,0.1573,0.1578,-0.33,2.71,2.43,11.52,-11.85,9
2026-08-07,APE.AX,Eagers Automotive,ASX,Consumer Cyclical,6.9,1.2702,1.4026,-9.44,24.36,23.78,2.44,-11.88,13
2026-08-07,AMP,Ameriprise Financial,US,Financial Services,49.5,51.5446,47.4054,8.73,559.82,464.11,20.62,-11.89,13
2026-08-07,NHF.AX,Nib,ASX,Financial Services,3.7,0.4697,0.4639,1.26,7.53,6.64,13.33,-12.07,8
2026-08-07,HD,Home Depot (The),US,Consumer Cyclical,348.5,16.1154,16.3056,-1.17,349.52,315.09,10.93,-12.1,34
2026-08-07,CINF,Cincinnati Financial,US,Financial Services,27.5,9.1,9.1642,-0.7,179.04,160.62,11.47,-12.17,8
2026-08-07,BAM.TO,Brookfield Asset Management Ltd.,CA,Financial Services,118.9,2.163,2.1985,-1.62,74.45,67.31,10.6,-12.22,16
2026-08-07,CQR.AX,Charter Hall Retail REIT,ASX,Real Estate,2.4,0.2703,0.2705,-0.06,4.18,3.73,12.2,-12.26,9
2026-08-07,RVTY,Revvity,US,Healthcare,12.7,5.8662,5.8164,0.86,114.24,100.94,13.18,-12.32,14
2026-08-07,DPZ,Domino's,US,Consumer Cyclical,11.9,20.9484,21.129,-0.85,358.43,321.49,11.49,-12.34,22
2026-08-07,TD.TO,Toronto-Dominion Bank,CA,Financial Services,280.8,10.7718,10.3595,3.98,169.97,145.98,16.43,-12.45,12
2026-08-07,CFG,Citizens Financial Group,US,Financial Services,30.5,6.5143,6.3928,1.9,72.43,63.32,14.39,-12.49,12
2026-08-07,DDOG,Datadog,US,Technology,81.6,2.8854,2.8275,2.05,229.29,200.16,14.55,-12.5,46
2026-08-07,SGE.L,Sage Group,UK,Technology,9.2,0.576,0.5697,1.1,1013.0,891.32,13.65,-12.55,19
2026-08-07,DG,Dollar General,US,Consumer Defensive,28.1,8.0069,7.9711,0.45,127.45,112.72,13.07,-12.62,26
2026-08-07,WCN.TO,Waste Connections Inc.,CA,Industrials,59.1,6.2041,6.1769,0.44,234.5,207.34,13.1,-12.66,25
2026-08-07,SHW,Sherwin-Williams,US,Basic Materials,88.2,13.5876,13.2764,2.34,363.42,316.0,15.01,-12.67,24
2026-08-07,FSLR,First Solar,US,Technology,26.2,22.9209,23.3163,-1.7,244.14,219.95,11.0,-12.7,30
2026-08-07,POW.TO,Power Corporation of Canada,CA,Financial Services,58.7,6.965,6.5725,5.97,93.5,78.79,18.67,-12.7,8
2026-08-07,STAN.L,Standard Chartered,UK,Financial Services,48.1,2.7938,2.6902,3.85,2211.8,1896.11,16.65,-12.8,10
2026-08-07,KMB,Kimberly-Clark,US,Consumer Defensive,36.1,7.5184,7.5768,-0.77,108.66,96.98,12.05,-12.82,15
2026-08-07,AV.L,Aviva,UK,Financial Services,21.2,0.6719,0.6754,-0.5,701.2,624.2,12.34,-12.84,10
2026-08-07,NDA-FI.HE,Nordea,EU,Financial Services,59.4,1.5718,1.5449,1.75,17.5,15.27,14.62,-12.87,7
2026-08-07,TRI.TO,Thomson Reuters Corporation,CA,Industrials,61.2,5.0327,5.1169,-1.65,140.13,125.99,11.22,-12.87,16
2026-08-07,JPM,JPMorgan Chase,US,Financial Services,947.1,24.9611,23.6589,5.5,356.3,300.75,18.47,-12.97,12
2026-08-07,SMIN.L,Smiths Group,UK,Industrials,7.9,1.1444,1.2168,-5.95,2699.0,2522.0,7.02,-12.97,7
2026-08-07,CPAY,Corpay,US,Technology,26.0,30.5938,29.7645,2.79,398.28,343.99,15.78,-12.99,15
2026-08-07,TKO,TKO Group Holdings,US,Communication Services,35.4,4.871,5.5568,-12.34,187.29,186.06,0.66,-13.0,9
2026-08-07,SGO.PA,Saint-Gobain,EU,Industrials,41.4,6.8568,7.0743,-3.07,85.54,77.79,9.96,-13.03,13
2026-08-07,CPG.L,Compass Group,UK,Consumer Cyclical,55.1,1.6358,1.622,0.85,33.1,29.06,13.91,-13.06,18
2026-08-07,FFIV,"F5, Inc.",US,Technology,23.5,18.0768,17.4554,3.56,413.07,354.03,16.68,-13.12,13
2026-08-07,WYNN,Wynn Resorts,US,Consumer Cyclical,10.5,5.0182,5.8208,-13.79,101.5,102.15,-0.64,-13.15,9
2026-08-07,CS.PA,Axa,EU,Financial Services,91.7,4.4754,4.4447,0.69,44.67,39.23,13.87,-13.18,13
2026-08-07,STT,State Street Corporation,US,Financial Services,50.8,15.303,13.7751,11.09,184.92,148.75,24.32,-13.23,14
2026-08-07,TGT,Target Corporation,US,Consumer Defensive,66.8,8.9611,8.5091,5.31,147.08,124.08,18.54,-13.23,36
2026-08-07,USB,U.S. Bancorp,US,Financial Services,99.4,5.7906,5.6418,2.64,63.81,55.06,15.89,-13.25,19
2026-08-07,DELL,Dell Technologies,US,Technology,282.8,19.4275,12.53,55.05,437.65,260.03,68.31,-13.26,8
2026-08-07,ABDN.L,Aberdeen Group,UK,Financial Services,4.5,0.1555,0.1499,3.74,254.4,217.3,17.07,-13.33,15
2026-08-07,ARGX.BR,Argenx,EU,Healthcare,46.9,34.9542,35.5966,-1.8,748.6,671.2,11.53,-13.33,14
2026-08-07,SPG,Simon Property Group,US,Real Estate,84.3,6.7404,6.9125,-2.49,221.83,199.93,10.96,-13.45,5
2026-08-07,ARB.AX,ARB Corporation,ASX,Consumer Cyclical,1.7,1.1244,1.1646,-3.45,20.54,18.66,10.08,-13.53,15
2026-08-07,DNL.AX,Dyno Nobel,ASX,Basic Materials,6.7,0.1951,0.1879,3.83,3.85,3.28,17.37,-13.54,11
2026-08-07,SAP.DE,SAP,EU,Technology,197.3,8.4005,8.553,-1.78,169.26,151.38,11.81,-13.59,22
2026-08-07,IT,Gartner,US,Technology,11.7,15.7285,15.2879,2.88,184.82,158.65,16.5,-13.62,15
2026-08-07,FAST,Fastenal,US,Industrials,58.3,1.3901,1.3626,2.01,50.8,43.93,15.64,-13.63,15
2026-08-07,VRTX,Vertex Pharmaceuticals,US,Healthcare,122.7,21.3495,21.5938,-1.13,484.03,429.82,12.61,-13.74,18
2026-08-07,DHL.DE,Deutsche Post,EU,Industrials,61.4,3.7523,3.6179,3.71,55.58,47.32,17.46,-13.75,15
2026-08-07,TPR,"Tapestry, Inc.",US,Consumer Cyclical,32.7,7.8149,7.2401,7.94,162.0,133.1,21.71,-13.77,22
2026-08-07,BNZL.L,Bunzl,UK,Consumer Defensive,9.1,1.8964,1.8528,2.35,2824.0,2430.46,16.19,-13.84,17
2026-08-07,ISP.MI,Intesa Sanpaolo,EU,Financial Services,119.2,0.643,0.6174,4.15,6.76,5.73,17.99,-13.84,13
2026-08-07,ARES,Ares Management,US,Financial Services,45.6,7.1865,7.4332,-3.32,138.17,124.99,10.54,-13.86,15
2026-08-07,RKT.L,Reckitt,UK,Consumer Defensive,33.3,3.6129,3.6117,0.03,5341.11,4685.22,14.0,-13.97,19
2026-08-07,ECL,Ecolab,US,Basic Materials,79.5,9.4329,9.6422,-2.17,283.46,253.53,11.81,-13.98,22
2026-08-07,KGF.L,Kingfisher plc,UK,Consumer Cyclical,5.3,0.2805,0.2855,-1.75,322.8,287.62,12.23,-13.98,18
2026-08-07,PFG,Principal Financial Group,US,Financial Services,24.7,10.3485,10.1731,1.72,115.41,99.7,15.75,-14.03,11
2026-08-07,RDX.AX,Redox,ASX,Basic Materials,2.0,0.1893,0.1826,3.66,3.84,3.26,17.79,-14.13,4
2026-08-07,WY,Weyerhaeuser,US,Real Estate,18.3,0.673,0.709,-5.08,25.45,23.33,9.09,-14.17,11
2026-08-07,GPT.AX,GPT Group,ASX,Real Estate,10.0,0.3678,0.3656,0.6,5.24,4.57,14.8,-14.2,7
2026-08-07,LMT,Lockheed Martin,US,Industrials,134.5,32.646,32.1279,1.61,582.85,503.22,15.83,-14.22,21
2026-08-07,CNR.TO,Canadian National Railway Company,CA,Industrials,107.2,8.9797,8.7737,2.35,177.29,151.88,16.73,-14.38,30
2026-08-07,ROP,Roper Technologies,US,Technology,39.3,24.2557,23.8926,1.52,397.08,342.46,15.95,-14.43,18
2026-08-07,CCH.L,Coca-Cola HBC,UK,Consumer Defensive,17.9,3.2206,3.1912,0.92,5015.0,4347.28,15.36,-14.44,16
2026-08-07,WFC,Wells Fargo,US,Financial Services,264.9,7.9622,7.8678,1.2,87.59,75.64,15.8,-14.6,20
2026-08-07,MPL.AX,Medibank,ASX,Financial Services,14.6,0.255,0.2534,0.64,5.29,4.59,15.25,-14.61,8
2026-08-07,ITX.MC,Inditex,EU,Consumer Cyclical,183.1,2.3885,2.3893,-0.03,58.8,51.32,14.58,-14.61,24
2026-08-07,ITW,Illinois Tool Works,US,Industrials,84.8,12.3392,12.1289,1.73,294.7,253.23,16.38,-14.65,14
2026-08-07,HIG,Hartford (The),US,Financial Services,39.6,13.7259,14.4087,-4.74,144.51,131.4,9.98,-14.72,23
2026-08-07,AFL,Aflac,US,Financial Services,64.5,7.5464,7.7132,-2.16,126.66,112.52,12.57,-14.73,14
2026-08-07,IP,International Paper,US,Consumer Cyclical,21.5,2.9398,2.6775,9.8,40.53,32.54,24.54,-14.74,12
2026-08-07,DHR,Danaher Corporation,US,Healthcare,140.6,9.2988,9.091,2.29,199.98,170.81,17.08,-14.79,24
2026-08-07,PSA,Public Storage,US,Real Estate,61.1,9.19,10.075,-8.78,327.0,308.18,6.11,-14.89,1
2026-08-07,MRK,Merck & Co.,US,Healthcare,317.1,9.6346,9.5228,1.17,128.37,110.58,16.08,-14.91,21
2026-08-07,ITRK.L,Intertek,UK,Industrials,9.0,2.8756,2.8636,0.42,5840.0,5060.98,15.39,-14.97,12
2026-08-07,RR.L,Rolls-Royce Holdings,UK,Industrials,126.7,0.465,0.4319,7.67,1570.34,1279.75,22.71,-15.04,17
2026-08-07,VGN.AX,Virgin Australia Holdings,ASX,Industrials,2.2,0.4803,0.4874,-1.46,2.87,2.52,13.69,-15.15,9
2026-08-07,IR,Ingersoll Rand,US,Industrials,34.2,3.901,3.8485,1.36,88.24,75.73,16.52,-15.16,14
2026-08-07,PNC,PNC Financial Services,US,Financial Services,100.9,21.5159,21.0347,2.29,252.76,215.13,17.49,-15.2,19
2026-08-07,CCEP.L,Coca-Cola Europacific Partners,UK,Consumer Defensive,35.7,4.9344,4.9167,0.36,8010.0,6929.16,15.6,-15.24,5
2026-08-07,RF,Regions Financial Corporation,US,Financial Services,26.8,2.8426,2.8601,-0.61,31.39,27.37,14.69,-15.3,16
2026-08-07,SGP.AX,Stockland,ASX,Real Estate,10.4,0.361,0.3707,-2.61,4.3,3.81,12.69,-15.3,5
2026-08-07,V,Visa Inc.,US,Financial Services,691.7,14.9675,14.8254,0.96,370.47,318.13,16.45,-15.49,40
2026-08-07,MA,Mastercard,US,Financial Services,504.5,22.9945,22.7802,0.94,575.95,494.65,16.44,-15.5,39
2026-08-07,LNW.AX,Light & Wonder,ASX,Consumer Cyclical,9.7,8.8257,9.3137,-5.24,126.43,114.64,10.28,-15.52,13
2026-08-07,BNY,BNY Mellon,US,Financial Services,107.8,10.2458,9.6153,6.56,158.82,129.98,22.19,-15.63,13
2026-08-07,RCL,Royal Caribbean Group,US,Consumer Cyclical,85.7,20.3299,20.044,1.43,320.55,273.82,17.07,-15.64,29
2026-08-07,DAL,Delta Air Lines,US,Industrials,60.5,8.7914,7.9634,10.4,91.98,72.96,26.08,-15.68,8
2026-08-07,ADM.L,Admiral Group,UK,Financial Services,11.7,2.5989,2.5755,0.91,3706.0,3178.0,16.61,-15.7,10
2026-08-07,EDV.AX,Endeavour Group,ASX,Consumer Defensive,6.5,0.2095,0.2202,-4.87,3.61,3.25,10.92,-15.79,12
2026-08-07,AON,Aon plc,US,Financial Services,76.5,21.3552,21.3991,-0.21,360.75,312.08,15.6,-15.81,22
2026-08-07,FITB,Fifth Third Bancorp,US,Financial Services,51.7,4.8928,4.8692,0.48,56.96,48.98,16.29,-15.81,16
2026-08-07,MFC.TO,Manulife Financial Corporation,CA,Financial Services,103.9,4.9324,4.9603,-0.56,62.52,54.22,15.31,-15.87,15
2026-08-07,GDG.AX,Generation Development Group,ASX,Financial Services,1.6,0.1324,0.133,-0.44,4.12,3.57,15.55,-15.99,10
2026-08-07,AIR.PA,Airbus,EU,Industrials,168.2,8.6945,8.5981,1.12,214.95,183.44,17.18,-16.06,21
2026-08-07,TNE.AX,TechnologyOne,ASX,Technology,10.7,0.6064,0.5986,1.3,32.78,27.92,17.41,-16.11,16
2026-08-07,VTR,Ventas,US,Real Estate,47.3,0.8167,0.9067,-9.93,92.26,86.75,6.35,-16.28,3
2026-08-07,MSFT,Microsoft,US,Technology,3711.7,23.4688,22.4913,4.35,499.86,414.22,20.67,-16.32,33
2026-08-07,BLND.L,British Land,UK,Real Estate,4.5,0.3265,0.3271,-0.17,448.0,385.3,16.27,-16.44,15
2026-08-07,SAN.MC,Banco Santander,EU,Financial Services,183.5,1.2427,1.195,3.99,12.76,10.58,20.6,-16.61,19
2026-08-07,UCG.MI,UniCredit,EU,Financial Services,126.9,8.3252,8.1411,2.26,84.88,71.4,18.88,-16.62,13
2026-08-07,BXP,"BXP, Inc.",US,Real Estate,12.3,2.092,2.085,0.33,68.81,58.81,17.0,-16.67,4
2026-08-07,SFR.AX,Sandfire Resources,ASX,Basic Materials,9.9,1.5665,1.5612,0.34,21.11,18.01,17.21,-16.87,10
2026-08-07,PMV.AX,Premier Investments,ASX,Consumer Cyclical,2.2,1.0354,1.0634,-2.63,13.65,11.94,14.28,-16.91,11
2026-08-07,CRDA.L,Croda International,UK,Basic Materials,4.6,1.7907,1.7896,0.06,3289.0,2811.0,17.0,-16.94,13
2026-08-07,COF,Capital One,US,Financial Services,135.0,24.0733,24.1561,-0.34,220.0,188.67,16.61,-16.95,19
2026-08-07,INGA.AS,ING Group,EU,Financial Services,88.1,2.8937,2.7792,4.12,30.77,25.41,21.09,-16.97,16
2026-08-07,SGH.AX,SGH,ASX,Unclassified,19.0,2.5389,2.6151,-2.92,46.57,40.82,14.09,-17.01,11
2026-08-07,A2M.AX,a2 Milk Company,ASX,Consumer Defensive,5.0,0.3189,0.3448,-7.52,6.88,6.28,9.56,-17.08,9
2026-08-07,NXT.L,Next plc,UK,Consumer Cyclical,17.9,8.6588,8.5393,1.4,15660.0,13193.38,18.7,-17.3,17
2026-08-07,SEK.AX,Seek,ASX,Communication Services,5.5,0.6388,0.6936,-7.9,15.33,14.0,9.5,-17.4,14
2026-08-07,MCK,McKesson Corporation,US,Healthcare,101.6,50.3759,49.8327,1.09,871.38,735.28,18.51,-17.42,17
2026-08-07,SYY,Sysco,US,Consumer Defensive,40.4,5.2605,5.274,-0.26,84.35,71.96,17.21,-17.47,11
2026-08-07,WKL.AS,Wolters Kluwer,EU,Industrials,15.5,6.2429,6.2262,0.27,70.24,59.64,17.77,-17.5,13
2026-08-07,MNG.L,M&G,UK,Financial Services,8.7,0.3132,0.309,1.35,364.4,306.42,18.92,-17.57,7
2026-08-07,PNI.AX,Pinnacle Investment Management,ASX,Financial Services,4.5,1.0137,1.0401,-2.54,18.73,16.26,15.16,-17.7,9
2026-08-07,WDS.AX,Woodside Energy Group,ASX,Energy,61.0,1.6709,1.8772,-10.99,32.06,30.05,6.71,-17.7,8
2026-08-07,RACE.MI,Ferrari,EU,Consumer Cyclical,62.5,11.0019,10.5486,4.3,352.5,288.85,22.04,-17.74,16
2026-08-07,MTB,M&T Bank,US,Financial Services,36.1,21.0678,20.8638,0.98,250.14,210.67,18.74,-17.76,15
2026-08-07,SAF.PA,Safran,EU,Industrials,147.2,12.9023,12.2642,5.2,358.5,291.52,22.97,-17.77,19
2026-08-07,ATD.TO,Alimentation Couche-Tard Inc.,CA,Consumer Cyclical,85.1,3.6282,3.651,-0.63,92.7,79.05,17.27,-17.9,15
2026-08-07,III.L,3i,UK,Financial Services,28.8,6.1958,6.6145,-6.33,2922.0,2617.95,11.61,-17.94,9
2026-08-07,WTB.L,Whitbread,UK,Consumer Cyclical,4.2,1.929,2.1278,-9.35,2521.0,2321.42,8.6,-17.95,18
2026-08-07,BARC.L,Barclays,UK,Financial Services,70.1,0.647,0.633,2.21,527.44,438.48,20.29,-18.08,14
2026-08-07,BAC,Bank of America,US,Financial Services,440.5,5.2915,5.029,5.22,63.0,51.04,23.42,-18.2,19
2026-08-07,ZBH,Zimmer Biomet,US,Healthcare,18.5,9.0032,8.9932,0.11,97.19,82.11,18.36,-18.25,27
2026-08-07,MRSH,Marsh McLennan,US,Financial Services,92.2,11.4077,11.3159,0.81,193.29,162.33,19.07,-18.26,23
2026-08-07,WOW.AX,Woolworths Group,ASX,Consumer Defensive,49.1,1.4249,1.4071,1.27,40.17,33.6,19.55,-18.28,15
2026-08-07,SYK,Stryker Corporation,US,Healthcare,129.4,16.7582,16.7257,0.19,337.43,284.71,18.52,-18.33,27
2026-08-07,CHC.AX,Charter Hall,ASX,Real Estate,11.3,1.1526,1.1139,3.48,23.83,19.55,21.84,-18.36,11
2026-08-07,URI,United Rentals,US,Industrials,72.4,56.9822,53.8007,5.91,1162.66,935.07,24.34,-18.43,21
2026-08-07,LLOY.L,Lloyds Banking Group,UK,Financial Services,66.7,0.1212,0.12,1.01,117.08,97.96,19.53,-18.52,15
2026-08-07,RY.TO,Royal Bank of Canada,CA,Financial Services,412.1,17.6256,17.3876,1.37,296.56,247.31,19.92,-18.55,13
2026-08-07,IAG.AX,Insurance Australia Group,ASX,Financial Services,20.1,0.4812,0.4824,-0.24,8.61,7.28,18.34,-18.58,10
2026-08-07,BLDR,Builders FirstSource,US,Industrials,7.8,4.5485,6.0593,-24.93,72.51,77.4,-6.32,-18.61,20
2026-08-07,SUN.AX,Suncorp,ASX,Financial Services,20.6,1.1722,1.1977,-2.13,19.4,16.65,16.49,-18.62,10
2026-08-07,STO.AX,Santos,ASX,Energy,25.0,0.4888,0.5852,-16.49,7.68,7.52,2.19,-18.68,10
2026-08-07,APH,Amphenol,US,Technology,210.4,6.448,5.6276,14.58,170.61,127.84,33.46,-18.88,17
2026-08-07,ORA.AX,Orora,ASX,Consumer Cyclical,1.9,0.1136,0.125,-9.11,1.54,1.4,9.79,-18.9,13
2026-08-07,GRMN,Garmin,US,Technology,58.2,10.8725,10.1288,7.34,301.87,239.03,26.29,-18.95,8
2026-08-07,JNJ,Johnson & Johnson,US,Healthcare,619.3,12.41,12.7104,-2.36,256.98,220.05,16.78,-19.14,3
2026-08-07,ALV.DE,Allianz,EU,Financial Services,167.2,32.7347,33.3395,-1.81,436.6,371.6,17.49,-19.3,8
2026-08-07,J,Jacobs Solutions,US,Industrials,16.9,8.2301,8.0224,2.59,144.03,118.06,22.0,-19.41,16
2026-08-07,CSCO,Cisco,US,Technology,476.4,4.7908,4.5117,6.19,120.88,96.21,25.64,-19.45,25
2026-08-07,JBH.AX,JB Hi-Fi,ASX,Consumer Cyclical,9.2,4.5358,4.7593,-4.7,84.2,73.29,14.89,-19.59,15
2026-08-07,UAL,United Airlines Holdings,US,Industrials,41.9,15.4639,14.0588,9.99,129.12,99.58,29.66,-19.67,23
2026-08-07,BDX,Becton Dickinson,US,Healthcare,48.8,13.4597,13.5088,-0.36,177.07,148.38,19.33,-19.69,14
2026-08-07,VEA.AX,Viva Energy,ASX,Energy,4.4,0.2341,0.2336,0.22,2.67,2.22,20.27,-20.05,9
2026-08-07,CTAS,Cintas,US,Industrials,80.9,6.0941,6.0283,1.09,202.15,166.52,21.4,-20.31,13
2026-08-07,EVN.AX,Evolution Mining,ASX,Basic Materials,26.9,0.8864,1.0936,-18.95,13.23,13.05,1.38,-20.33,14
2026-08-07,HPE,Hewlett Packard Enterprise,US,Technology,69.4,4.0118,2.722,47.38,52.43,31.26,67.73,-20.35,20
2026-08-07,FPH.AX,Fisher & Paykel Healthcare,ASX,Healthcare,20.6,1.0852,1.0699,1.43,35.02,28.75,21.8,-20.37,8
2026-08-07,GEN,Gen Digital,US,Technology,16.8,3.2868,3.1585,4.06,28.1,22.56,24.56,-20.5,11
2026-08-07,CMM.AX,Capricorn Metals,ASX,Basic Materials,7.0,0.9071,0.9797,-7.41,15.42,13.63,13.13,-20.54,7
2026-08-07,GE,GE Aerospace,US,Industrials,388.6,9.7173,9.1981,5.65,374.55,296.78,26.2,-20.55,13
2026-08-07,LOV.AX,Lovisa,ASX,Consumer Cyclical,3.0,1.0424,1.0604,-1.69,27.1,22.76,19.07,-20.76,12
2026-08-07,ABBV,AbbVie,US,Healthcare,430.9,16.363,16.2072,0.96,243.87,200.13,21.86,-20.9,16
2026-08-07,BMO.TO,Bank of Montreal,CA,Financial Services,177.5,16.3001,16.1349,1.02,253.46,207.82,21.96,-20.94,13
2026-08-07,PH,Parker Hannifin,US,Industrials,134.9,34.2895,34.1193,0.5,1069.8,878.83,21.73,-21.23,13
2026-08-07,SHL.AX,Sonic Healthcare,ASX,Healthcare,11.0,1.2976,1.3449,-3.51,22.32,18.94,17.85,-21.36,14
2026-08-07,INCY,Incyte,US,Healthcare,24.0,8.8817,9.0107,-1.43,118.38,98.56,20.11,-21.54,18
2026-08-07,GMD.AX,Genesis Minerals,ASX,Basic Materials,8.2,0.6273,0.6906,-9.17,6.99,6.22,12.38,-21.55,8
2026-08-07,AMCR,Amcor,US,Consumer Cyclical,21.8,4.2782,4.3622,-1.93,47.06,39.28,19.82,-21.75,13
2026-08-07,SLF.TO,Sun Life Financial Inc.,CA,Financial Services,64.1,8.5432,8.5486,-0.06,115.59,94.94,21.75,-21.81,15
2026-08-07,SJM,J.M. Smucker Company (The),US,Consumer Defensive,12.7,8.896,8.9733,-0.86,118.8,98.16,21.03,-21.89,5
2026-08-07,FDS,FactSet,US,Financial Services,9.8,19.7009,19.4184,1.45,274.58,222.52,23.39,-21.94,18
2026-08-07,CLX,Clorox,US,Consumer Defensive,12.8,6.3632,6.8697,-7.37,105.6,92.16,14.58,-21.95,16
2026-08-07,BNP.PA,BNP Paribas,EU,Financial Services,123.4,13.1313,12.8965,1.82,112.12,90.56,23.81,-21.99,12
2026-08-07,A,Agilent Technologies,US,Healthcare,39.9,6.6108,6.5821,0.44,141.34,115.4,22.48,-22.04,21
2026-08-07,AUB.AX,AUB Group,ASX,Financial Services,3.8,1.9928,1.9982,-0.27,29.27,24.03,21.81,-22.08,10
2026-08-07,ABF.L,Associated British Foods,UK,Consumer Defensive,14.8,1.5813,1.6928,-6.59,2105.0,1821.56,15.56,-22.15,17
2026-08-07,QAN.AX,Qantas,ASX,Industrials,16.1,1.0676,1.0994,-2.89,10.62,8.9,19.33,-22.22,15
2026-08-07,LYV,Live Nation Entertainment,US,Communication Services,42.3,1.927,2.1631,-10.92,181.77,163.28,11.32,-22.24,17
2026-08-07,MSI,Motorola Solutions,US,Technology,78.5,18.5373,18.2557,1.54,474.07,382.84,23.83,-22.29,14
2026-08-07,AIZ,Assurant,US,Financial Services,14.7,22.5602,22.1655,1.78,296.4,238.85,24.09,-22.31,7
2026-08-07,SDLF.L,Standard Life,UK,Financial Services,9.4,0.7503,0.7611,-1.42,929.0,767.0,21.12,-22.54,7
2026-08-07,COO,Cooper Companies (The),US,Healthcare,14.3,4.9962,5.0205,-0.48,73.32,60.0,22.2,-22.68,16
2026-08-07,LAND.L,Land Securities,UK,Real Estate,5.3,0.5576,0.5577,-0.02,722.0,588.37,22.71,-22.73,14
2026-08-07,LLY,Lilly (Eli),US,Healthcare,1062.9,45.0802,43.7624,3.01,1191.94,946.82,25.89,-22.88,24
2026-08-07,PRU,Prudential Financial,US,Financial Services,41.9,14.6002,14.7222,-0.83,121.5,99.45,22.17,-23.0,16
2026-08-07,S32.AX,South32,ASX,Basic Materials,22.2,0.2641,0.2738,-3.57,4.95,4.14,19.44,-23.01,9
2026-08-07,AMGN,Amgen,US,Healthcare,219.0,23.4546,23.4963,-0.18,404.85,329.21,22.97,-23.15,32
2026-08-07,NWG.L,NatWest Group,UK,Financial Services,56.7,0.8457,0.8324,1.59,713.8,572.25,24.74,-23.15,12
2026-08-07,LH,Labcorp,US,Healthcare,25.7,19.7611,19.4391,1.66,316.53,253.42,24.9,-23.24,18
2026-08-07,PRN.AX,Perenti,ASX,Basic Materials,2.2,0.2112,0.2166,-2.52,2.36,1.96,20.72,-23.24,5
2026-08-07,HSIC,Henry Schein,US,Healthcare,9.8,5.9762,5.908,1.15,88.23,70.82,24.58,-23.43,16
2026-08-07,WAF.AX,West African Resources,ASX,Basic Materials,4.0,0.7373,0.8495,-13.21,3.49,3.17,10.25,-23.46,3
2026-08-07,TSCO,Tractor Supply,US,Consumer Cyclical,17.9,2.0457,2.309,-11.4,34.09,30.4,12.13,-23.53,14
2026-08-07,SWK,Stanley Black & Decker,US,Industrials,15.3,6.3765,6.2302,2.35,101.04,80.21,25.97,-23.62,14
2026-08-07,RTX,RTX Corporation,US,Industrials,300.9,7.8261,7.5495,3.66,223.25,175.36,27.31,-23.65,23
2026-08-07,COR,Cencora,US,Healthcare,62.0,19.8166,19.6062,1.07,325.01,260.48,24.77,-23.7,14
2026-08-07,CSL.AX,CSL,ASX,Healthcare,63.2,6.3578,7.3737,-13.78,131.96,119.88,10.08,-23.86,16
2026-08-07,MMM,3M,US,Industrials,93.2,9.7253,9.4524,2.89,180.71,142.55,26.77,-23.88,18
2026-08-07,GL,Globe Life,US,Financial Services,14.4,16.5182,16.6166,-0.59,186.02,150.8,23.35,-23.94,11
2026-08-07,HRL,Hormel Foods,US,Consumer Defensive,13.8,1.5591,1.5551,0.26,25.09,20.2,24.22,-23.96,10
2026-08-07,TRV,Travelers Companies (The),US,Financial Services,80.5,30.2164,28.5169,5.96,386.0,296.8,30.05,-24.09,27
2026-08-07,ALLE,Allegion,US,Industrials,14.3,9.7161,9.5411,1.83,168.7,133.82,26.07,-24.24,11
2026-08-07,TMO,Thermo Fisher Scientific,US,Healthcare,214.5,27.5108,27.3593,0.55,580.02,464.53,24.86,-24.31,27
2026-08-07,DGX,Quest Diagnostics,US,Healthcare,26.3,12.0577,11.6534,3.47,238.5,186.63,27.79,-24.32,16
2026-08-07,HPQ,HP Inc.,US,Technology,25.8,3.0096,2.974,1.2,28.18,22.41,25.76,-24.56,16
2026-08-07,WES.AX,Wesfarmers,ASX,Consumer Cyclical,103.0,2.7777,2.755,0.82,90.71,72.25,25.55,-24.73,14
2026-08-07,RHC.AX,Ramsay Health Care,ASX,Healthcare,10.4,1.6086,1.657,-2.92,44.88,36.83,21.86,-24.78,14
2026-08-07,LGEN.L,Legal & General,UK,Financial Services,17.0,0.2554,0.2647,-3.5,305.2,251.4,21.4,-24.9,8
2026-08-07,MKS.L,Marks & Spencer,UK,Consumer Cyclical,8.4,0.3527,0.3577,-1.4,409.4,331.47,23.51,-24.91,17
2026-08-07,BBVA.MC,BBVA,EU,Financial Services,135.7,2.2565,2.191,2.99,24.29,18.98,28.01,-25.02,17
2026-08-07,BKNG,Booking Holdings,US,Consumer Cyclical,155.8,12.302,12.3129,-0.09,207.39,165.51,25.3,-25.39,32
2026-08-07,DBK.DE,Deutsche Bank,EU,Financial Services,61.5,3.8196,3.831,-0.3,32.83,26.24,25.1,-25.4,10
2026-08-07,MTD,Mettler Toledo,US,Healthcare,28.5,51.6911,51.1954,0.97,1421.24,1124.46,26.39,-25.42,12
2026-08-07,CAH,Cardinal Health,US,Healthcare,55.7,12.0547,11.5864,4.04,237.66,183.25,29.69,-25.65,17
2026-08-07,REH.AX,Reece Group,ASX,Industrials,10.4,0.5331,0.5354,-0.42,16.95,13.51,25.46,-25.88,13
2026-08-07,HUM,Humana,US,Healthcare,44.1,16.4821,15.2632,7.99,367.24,274.31,33.88,-25.89,26
2026-08-07,COH.AX,Cochlear,ASX,Healthcare,8.2,5.1665,5.1969,-0.59,125.37,99.89,25.51,-26.1,15
2026-08-07,SOL.AX,Soul Patts,ASX,Financial Services,17.8,1.13,1.3835,-18.32,46.95,43.54,7.83,-26.15,1
2026-08-07,BRG.AX,Breville Group,ASX,Consumer Cyclical,5.0,1.068,1.0909,-2.1,34.73,27.88,24.57,-26.67,14
2026-08-07,FTNT,Fortinet,US,Technology,117.5,3.7596,3.3077,13.66,160.11,114.07,40.36,-26.7,43
2026-08-07,MGM,MGM Resorts,US,Consumer Cyclical,11.4,2.0423,2.3067,-11.46,44.7,38.79,15.24,-26.7,15
2026-08-07,MTS.AX,Metcash,ASX,Consumer Defensive,3.5,0.2586,0.2826,-8.48,3.14,2.66,18.43,-26.91,12
2026-08-07,AJG,Arthur J. Gallagher & Co.,US,Financial Services,64.5,14.8711,14.8595,0.08,251.74,198.21,27.01,-26.93,22
2026-08-07,ALL,Allstate,US,Financial Services,69.6,26.5091,25.7932,2.78,275.11,212.03,29.75,-26.97,22
2026-08-07,BGA.AX,Bega Cheese,ASX,Consumer Defensive,1.9,0.2566,0.2773,-7.47,6.14,5.12,19.92,-27.39,11
2026-08-07,BRO,Brown & Brown,US,Financial Services,23.8,4.8225,4.8763,-1.1,71.18,56.28,26.46,-27.56,19
2026-08-07,AMC.AX,Amcor,ASX,Consumer Cyclical,31.0,4.2769,4.4284,-3.42,66.97,53.94,24.15,-27.57,13
2026-08-07,GPN,Global Payments,US,Industrials,23.2,16.1237,16.1999,-0.47,87.69,68.93,27.22,-27.69,33
2026-08-07,JD.L,JD Sports,UK,Consumer Cyclical,4.5,0.1262,0.1281,-1.45,92.8,73.51,26.24,-27.69,18
2026-08-07,IQV,IQVIA,US,Healthcare,38.3,14.441,14.1322,2.18,232.43,178.71,30.06,-27.88,21
2026-08-07,SUL.AX,Super Retail Group,ASX,Consumer Cyclical,3.1,0.9587,1.0824,-11.43,13.52,11.6,16.59,-28.02,12
2026-08-07,ADP,Automatic Data Processing,US,Technology,108.7,13.4007,13.2372,1.23,273.51,211.4,29.38,-28.15,17
2026-08-07,NOW,ServiceNow,US,Technology,121.3,5.0062,5.0027,0.07,117.35,91.18,28.7,-28.63,44
2026-08-07,AXON,Axon Enterprise,US,Industrials,42.4,10.5163,10.4614,0.53,522.46,403.54,29.47,-28.94,20
2026-08-07,ABT,Abbott Laboratories,US,Healthcare,186.8,6.0625,6.064,-0.02,107.96,83.72,28.95,-28.97,25
2026-08-07,GPC,Genuine Parts Company,US,Consumer Cyclical,18.3,8.3048,8.3731,-0.82,132.79,103.59,28.19,-29.01,9
2026-08-07,MET,MetLife,US,Financial Services,63.7,10.9877,10.943,0.41,99.95,77.01,29.79,-29.38,17
2026-08-07,VEEV,Veeva Systems,US,Healthcare,35.4,10.034,9.884,1.52,217.8,166.34,30.94,-29.42,27
2026-08-07,TTWO,Take-Two Interactive,US,Communication Services,43.5,5.4331,7.1482,-23.99,232.47,220.45,5.45,-29.44,15
2026-08-07,PAYX,Paychex,US,Technology,42.7,6.3845,6.2986,1.36,120.13,91.78,30.89,-29.53,16
2026-08-07,RRL.AX,Regis Resources,ASX,Basic Materials,5.5,1.0601,1.3791,-23.13,7.3,6.85,6.5,-29.63,9
2026-08-07,EMR.AX,Emerald Resources,ASX,Basic Materials,4.1,0.425,0.59,-27.97,6.23,6.1,2.13,-30.1,2
2026-08-07,WTW,Willis Towers Watson,US,Financial Services,31.6,22.8027,22.1738,2.84,340.01,255.43,33.11,-30.27,21
2026-08-07,SDF.AX,Steadfast Group,ASX,Financial Services,5.9,0.3441,0.3455,-0.39,5.26,4.05,30.0,-30.39,6
2026-08-07,DASH,DoorDash,US,Consumer Cyclical,92.9,4.4044,4.4249,-0.46,213.26,163.93,30.09,-30.55,38
2026-08-07,RMS.AX,Ramelius Resources,ASX,Basic Materials,6.8,0.2275,0.3203,-28.98,3.6,3.52,2.27,-31.25,9
2026-08-07,MOS,Mosaic Company (The),US,Basic Materials,7.5,1.8159,2.4063,-24.54,23.46,21.97,6.8,-31.34,17
2026-08-07,WDAY,"Workday, Inc.",US,Technology,42.0,12.6439,12.4378,1.66,170.24,127.83,33.18,-31.52,41
2026-08-07,FM.TO,First Quantum Minerals Ltd.,CA,Basic Materials,35.0,1.9972,2.2578,-11.54,42.0,35.0,20.0,-31.54,19
2026-08-07,PYPL,PayPal,US,Financial Services,51.1,5.7913,5.7941,-0.05,59.78,45.22,32.2,-32.25,42
2026-08-07,CDW,CDW Corporation,US,Technology,17.7,11.781,11.3384,3.9,141.97,104.17,36.28,-32.38,10
2026-08-07,NCLH,Norwegian Cruise Line Holdings,US,Consumer Cyclical,8.9,1.7704,2.1884,-19.1,19.37,17.08,13.41,-32.51,25
2026-08-07,FBU.AX,Fletcher Building,ASX,Basic Materials,3.4,0.1523,0.1507,1.09,3.14,2.35,33.83,-32.74,13
2026-08-07,ANN.AX,Ansell,ASX,Healthcare,4.9,1.5059,1.542,-2.34,34.54,26.42,30.75,-33.09,10
2026-08-07,EXPE,Expedia Group,US,Consumer Cyclical,36.8,22.9639,22.904,0.26,306.57,229.49,33.59,-33.33,31
2026-08-07,DLTR,Dollar Tree,US,Consumer Defensive,24.9,7.6825,7.3906,3.95,129.68,94.24,37.61,-33.66,28
2026-08-07,FLT.AX,Flight Centre Travel Group,ASX,Consumer Cyclical,2.8,1.1194,1.1986,-6.61,13.66,10.74,27.23,-33.84,11
2026-08-07,ANET,Arista Networks,US,Technology,242.6,4.4931,4.4155,1.76,192.32,141.77,35.66,-33.9,27
2026-08-07,DXCM,Dexcom,US,Healthcare,31.3,3.1258,3.0443,2.68,83.02,60.61,36.97,-34.29,25
2026-08-07,MTLN.L,Metlen Energy & Metals,UK,Utilities,7.2,5.1939,5.369,-3.26,48.42,36.89,31.27,-34.53,4
2026-08-07,NST.AX,Northern Star Resources,ASX,Basic Materials,32.2,1.5761,2.1888,-27.99,22.58,21.16,6.71,-34.7,13
2026-08-07,WGX.AX,Westgold Resources,ASX,Basic Materials,5.3,0.4874,0.7507,-35.08,5.59,5.6,-0.09,-34.99,6
2026-08-07,CYL.AX,Catalyst Metals,ASX,Basic Materials,1.7,1.1327,1.3247,-14.49,6.57,5.45,20.55,-35.04,6
2026-08-07,MFG.AX,Magellan Financial Group,ASX,Financial Services,3.0,0.6621,0.8188,-19.14,10.32,8.9,15.96,-35.1,5
2026-08-07,WSM,"Williams-Sonoma, Inc.",US,Consumer Cyclical,29.1,10.2445,10.1663,0.77,246.89,181.49,36.03,-35.26,17
2026-08-07,SHOP.TO,Shopify Inc.,CA,Technology,267.9,2.3287,2.2955,1.45,206.42,150.68,36.99,-35.54,40
2026-08-07,OBM.AX,Ora Banda Mining,ASX,Basic Materials,2.6,0.1077,0.169,-36.25,1.35,1.35,-0.37,-35.88,5
2026-08-07,VAU.AX,Vault Minerals,ASX,Basic Materials,5.9,0.5839,0.6834,-14.56,5.75,4.7,22.34,-36.9,7
2026-08-07,SGRO.L,Segro,UK,Real Estate,13.0,0.403,0.4025,0.13,971.7,708.33,37.18,-37.05,11
2026-08-07,CPU.AX,Computershare,ASX,Financial Services,24.9,1.536,1.4928,2.9,43.06,30.73,40.11,-37.21,11
2026-08-07,BGL.AX,Bellevue Gold,ASX,Basic Materials,2.3,0.1241,0.2107,-41.12,1.52,1.58,-3.67,-37.45,5
2026-08-07,EVT.AX,EVT,ASX,Communication Services,2.4,0.4099,0.4708,-12.93,14.54,11.67,24.59,-37.52,5
2026-08-07,ALL.AX,Aristocrat Leisure,ASX,Consumer Cyclical,39.4,2.9009,2.8647,1.26,65.68,46.37,41.66,-40.4,15
2026-08-07,BTRW.L,Barratt Redrow,UK,Consumer Cyclical,4.5,0.2401,0.3083,-22.1,315.2,263.4,19.67,-41.77,18
2026-08-07,PME.AX,Pro Medicus,ASX,Healthcare,18.4,1.7919,1.9155,-6.45,175.69,129.49,35.68,-42.13,11
2026-08-07,BAX,Baxter International,US,Healthcare,14.0,2.0617,2.0152,2.3,27.01,17.98,50.22,-47.92,14
2026-08-07,CRL,Charles River Laboratories,US,Healthcare,12.8,12.3755,12.4124,-0.3,265.51,177.62,49.48,-49.78,15
2026-08-07,JHX.AX,James Hardie,ASX,Basic Materials,24.8,1.5055,1.5512,-2.95,42.78,28.67,49.2,-52.15,18
2026-08-07,TLX.AX,Telix Pharmaceuticals,ASX,Healthcare,5.4,0.0698,0.1265,-44.85,15.88,14.75,7.66,-52.51,12
2026-08-07,TECH,Bio-Techne,US,Healthcare,11.2,2.0435,2.1618,-5.47,71.9,48.27,48.95,-54.42,13
2026-08-07,ZBRA,Zebra Technologies,US,Technology,17.2,21.2225,20.0512,5.84,364.24,226.03,61.15,-55.31,17
2026-08-07,CRWD,CrowdStrike,US,Technology,211.2,1.5627,1.5429,1.28,207.39,131.94,57.18,-55.9,51
2026-08-07,NTAP,NetApp,US,Technology,37.6,9.8383,9.4098,4.55,191.48,117.64,62.76,-58.21,18
2026-08-07,CPT,Camden Property Trust,US,Real Estate,11.0,0.615,1.2513,-50.85,110.74,102.83,7.69,-58.54,2
2026-08-07,HON,Honeywell Technologies,US,Industrials,76.3,10.0136,23.0018,-56.47,240.74,222.29,8.3,-64.77,18
2026-08-07,PANW,Palo Alto Networks,US,Technology,293.0,1.9509,2.2978,-15.1,359.49,207.88,72.93,-88.03,16
2026-08-07,360.AX,Life360,ASX,Technology,7.0,0.9383,2.1141,-55.62,28.78,19.86,44.91,-100.53,6
